"년도","분기","시도명","시군구명","단속업소수","적발건수","고발센터신고건수","계","등록취소","업무정지"
"2017",1,서울특별시,중구,4,4,0,4,1,2
"2017",1,서울특별시,성동구,0,1,1,1,0,1
"2017",1,서울특별시,광진구,0,3,0,3,1,0
"2017",1,서울특별시,중랑구,0,1,0,1,0,0
"2017",1,서울특별시,강북구,0,2,0,2,1,1
"2017",1,서울특별시,은평구,0,2,0,2,0,1
"2017",1,서울특별시,마포구,1,1,0,1,0,1
"2017",1,서울특별시,양천구,0,2,0,2,1,1
"2017",1,서울특별시,영등포구,1,1,0,1,0,1
"2017",1,서울특별시,서초구,4,11,0,11,0,8
"2017",1,서울특별시,강남구,15,12,0,12,0,9
"2017",1,서울특별시,송파구,0,1,0,1,0,1
"2017",1,서울특별시,강동구,0,2,0,2,0,2
"2017",1,부산광역시,남구,2,2,2,2,0,2
"2017",1,부산광역시,북구,0,2,0,2,2,0
"2017",1,부산광역시,해운대구,0,1,0,1,0,1
"2017",1,부산광역시,금정구,2,3,0,3,0,2
"2017",1,대구광역시,동구,1,1,1,1,0,1
"2017",1,대구광역시,수성구,0,8,3,8,0,3
"2017",1,대구광역시,달서구,1,4,0,4,0,2
"2017",1,인천광역시,남동구,0,1,1,1,1,0
"2017",1,인천광역시,부평구,0,1,0,1,0,1
"2017",1,광주광역시,동구,0,3,2,3,0,1
"2017",1,광주광역시,서구,0,1,0,1,0,1
"2017",1,광주광역시,북구,0,1,1,1,0,1
"2017",1,광주광역시,광산구,0,1,0,1,0,1
"2017",1,대전광역시,중구,0,1,0,1,0,1
"2017",1,대전광역시,서구,0,2,1,2,0,2
"2017",1,울산광역시,중구,0,3,0,3,2,1
"2017",1,울산광역시,남구,0,3,1,3,0,2
"2017",1,울산광역시,동구,0,1,0,1,0,1
"2017",1,울산광역시,울주군,1,1,0,1,0,0
"2017",1,세종특별자치시,세종시,0,1,1,1,0,1
"2017",1,경기도,수원시장안구,0,2,0,2,0,2
"2017",1,경기도,수원시영통구,0,1,0,1,0,0
"2017",1,경기도,성남시수정구,0,3,0,3,0,1
"2017",1,경기도,성남시중원구,0,1,0,1,1,0
"2017",1,경기도,성남시분당구,0,1,0,1,0,1
"2017",1,경기도,의정부시,0,6,0,6,0,0
"2017",1,경기도,부천시,0,2,0,2,1,0
"2017",1,경기도,광명시,1,1,0,1,0,1
"2017",1,경기도,평택시,0,10,0,10,1,5
"2017",1,경기도,동두천시,1,2,1,2,0,2
"2017",1,경기도,안산시단원구,4,4,0,4,1,3
"2017",1,경기도,고양시덕양구,0,3,0,3,0,2
"2017",1,경기도,고양시일산동구,0,1,0,1,0,1
"2017",1,경기도,남양주시,0,1,0,1,0,1
"2017",1,경기도,오산시,0,1,0,1,0,1
"2017",1,경기도,시흥시,0,6,0,6,4,2
"2017",1,경기도,용인시처인구,0,1,1,1,0,1
"2017",1,경기도,용인시수지구,1,1,0,1,0,0
"2017",1,경기도,이천시,10,1,0,1,0,1
"2017",1,경기도,안성시,0,4,0,4,0,1
"2017",1,경기도,김포시,0,5,0,5,1,3
"2017",1,경기도,화성시,0,5,0,5,3,2
"2017",1,경기도,광주시,0,2,0,2,0,1
"2017",1,경기도,포천시,0,1,0,1,0,1
"2017",1,경기도,양평군,0,1,0,1,0,1
"2017",1,충청북도,청주시상당구,0,2,0,2,1,1
"2017",1,충청북도,청주시청원구,0,0,0,0,0,0
"2017",1,충청남도,천안시서북구,0,4,0,4,1,2
"2017",1,충청남도,아산시,0,1,1,1,1,0
"2017",1,충청남도,당진시,0,2,0,2,0,2
"2017",1,전라남도,담양군,40,1,0,1,0,0
"2017",1,전라남도,무안군,0,7,0,7,0,1
"2017",1,경상북도,포항시남구,70,2,1,2,0,2
"2017",1,경상북도,안동시,1,3,0,3,0,1
"2017",1,경상북도,구미시,0,2,2,2,0,2
"2017",1,경상북도,영천시,0,4,0,4,2,2
"2017",1,경상북도,경산시,3,2,3,2,0,1
"2017",1,경상북도,예천군,0,1,0,1,0,1
"2017",1,경상남도,진주시,0,6,0,6,0,5
"2017",1,경상남도,사천시,0,1,1,1,0,1
"2017",1,경상남도,김해시,2,2,0,2,0,2
"2017",1,경상남도,거제시,2,2,0,2,0,2
"2017",1,경상남도,양산시,0,1,1,1,1,0
"2017",1,제주특별자치도,제주시,0,2,1,2,0,1
"2017",1,제주특별자치도,서귀포시,1,1,0,1,1,0
"2017",1,강원특별자치도,원주시,0,1,0,1,0,1
"2017",1,강원특별자치도,강릉시,0,3,3,3,0,3
"2017",1,강원특별자치도,평창군,0,1,0,1,1,0
"2017",1,전북특별자치도,전주시완산구,0,4,0,4,1,1
"2017",1,전북특별자치도,전주시덕진구,0,3,1,3,0,3
"2017",1,전북특별자치도,남원시,1,1,1,1,1,0
"2017",1,전북특별자치도,김제시,0,1,1,1,0,1
"2017",2,서울특별시,종로구,0,1,0,1,0,0
"2017",2,서울특별시,중구,1,1,0,1,1,0
"2017",2,서울특별시,용산구,0,4,1,4,3,1
"2017",2,서울특별시,광진구,0,2,0,2,0,2
"2017",2,서울특별시,동대문구,0,2,0,2,1,1
"2017",2,서울특별시,성북구,1,1,0,1,0,0
"2017",2,서울특별시,강북구,0,2,0,2,0,0
"2017",2,서울특별시,은평구,0,4,0,4,0,4
"2017",2,서울특별시,서대문구,0,5,2,5,1,0
"2017",2,서울특별시,마포구,5,3,1,3,0,1
"2017",2,서울특별시,강서구,2,3,0,3,1,2
"2017",2,서울특별시,구로구,0,5,1,5,3,2
"2017",2,서울특별시,동작구,1,1,1,1,0,1
"2017",2,서울특별시,서초구,2,8,0,8,0,5
"2017",2,서울특별시,강남구,9,9,0,9,0,8
"2017",2,서울특별시,송파구,1,6,0,6,1,2
"2017",2,서울특별시,강동구,0,10,0,10,0,2
"2017",2,부산광역시,서구,269,7,0,7,0,0
"2017",2,부산광역시,동구,84,1,1,1,0,1
"2017",2,부산광역시,부산진구,0,1,1,1,1,0
"2017",2,부산광역시,남구,1,1,1,1,0,0
"2017",2,부산광역시,북구,0,8,0,8,0,8
"2017",2,부산광역시,사하구,0,1,0,1,0,1
"2017",2,부산광역시,금정구,2,7,1,7,0,1
"2017",2,부산광역시,강서구,0,14,0,14,0,12
"2017",2,부산광역시,수영구,0,1,1,1,0,0
"2017",2,대구광역시,동구,3,3,0,3,3,0
"2017",2,대구광역시,서구,0,1,1,1,0,0
"2017",2,대구광역시,수성구,0,1,0,1,0,0
"2017",2,대구광역시,달서구,1,1,1,1,0,0
"2017",2,인천광역시,미추홀구,0,1,0,1,1,0
"2017",2,인천광역시,연수구,1,1,0,1,0,1
"2017",2,인천광역시,남동구,5,6,6,6,2,4
"2017",2,인천광역시,부평구,0,6,0,6,3,3
"2017",2,광주광역시,동구,0,4,0,4,1,3
"2017",2,광주광역시,서구,1,1,0,1,0,1
"2017",2,광주광역시,북구,0,2,0,2,0,0
"2017",2,광주광역시,광산구,0,1,0,1,0,1
"2017",2,대전광역시,동구,0,2,0,2,1,1
"2017",2,울산광역시,남구,0,7,0,7,0,2
"2017",2,울산광역시,울주군,0,2,2,2,0,1
"2017",2,경기도,수원시팔달구,0,1,0,1,1,0
"2017",2,경기도,수원시영통구,0,1,0,1,0,0
"2017",2,경기도,성남시분당구,0,1,1,1,0,1
"2017",2,경기도,의정부시,5,3,1,3,0,3
"2017",2,경기도,안양시만안구,0,1,0,1,0,1
"2017",2,경기도,부천시,1,5,0,5,0,2
"2017",2,경기도,광명시,0,1,0,1,0,1
"2017",2,경기도,안산시상록구,0,1,0,1,1,0
"2017",2,경기도,안산시단원구,0,1,0,1,1,0
"2017",2,경기도,고양시덕양구,0,1,0,1,0,0
"2017",2,경기도,남양주시,0,15,0,15,0,12
"2017",2,경기도,오산시,0,1,0,1,1,0
"2017",2,경기도,시흥시,0,1,0,1,0,1
"2017",2,경기도,하남시,0,3,1,3,0,3
"2017",2,경기도,용인시처인구,55,4,0,4,1,3
"2017",2,경기도,용인시기흥구,0,1,0,1,0,0
"2017",2,경기도,안성시,0,1,0,1,0,1
"2017",2,경기도,김포시,0,8,3,8,0,8
"2017",2,경기도,화성시,0,3,0,3,2,1
"2017",2,경기도,광주시,0,1,0,1,0,1
"2017",2,경기도,양주시,0,1,0,1,0,1
"2017",2,경기도,양평군,0,3,0,3,1,2
"2017",2,충청북도,청주시서원구,1,2,1,2,1,0
"2017",2,충청북도,음성군,0,1,0,1,0,1
"2017",2,충청북도,단양군,0,1,0,1,0,1
"2017",2,충청남도,아산시,0,1,1,1,0,1
"2017",2,전라남도,나주시,1,1,0,1,1,0
"2017",2,전라남도,화순군,49,1,0,1,0,1
"2017",2,전라남도,무안군,0,2,0,2,0,1
"2017",2,경상북도,포항시북구,1,1,1,1,0,1
"2017",2,경상북도,김천시,0,1,0,1,0,1
"2017",2,경상북도,구미시,0,6,2,6,0,2
"2017",2,경상북도,경산시,2,2,2,2,0,2
"2017",2,경상남도,창원시성산구,0,1,1,1,1,0
"2017",2,경상남도,창원시진해구,0,3,0,3,0,3
"2017",2,경상남도,진주시,0,5,0,5,0,3
"2017",2,경상남도,통영시,1,2,2,2,0,0
"2017",2,경상남도,사천시,0,1,0,1,0,1
"2017",2,경상남도,김해시,10,9,0,9,0,5
"2017",2,경상남도,밀양시,1,1,0,1,0,1
"2017",2,경상남도,거제시,0,1,0,1,0,1
"2017",2,경상남도,하동군,53,1,1,1,0,1
"2017",2,제주특별자치도,제주시,1,8,6,8,1,3
"2017",2,전북특별자치도,전주시덕진구,0,2,0,2,0,1
"2017",2,전북특별자치도,군산시,0,2,0,2,0,1
"2017",2,전북특별자치도,무주군,17,1,0,1,0,1
"2017",3,서울특별시,중구,2,2,0,2,0,1
"2017",3,서울특별시,성동구,0,1,1,1,0,0
"2017",3,서울특별시,광진구,0,2,0,2,0,2
"2017",3,서울특별시,동대문구,0,2,0,2,2,0
"2017",3,서울특별시,성북구,1,1,0,1,0,1
"2017",3,서울특별시,도봉구,0,1,0,1,0,1
"2017",3,서울특별시,은평구,1,3,1,3,0,2
"2017",3,서울특별시,서대문구,0,2,0,2,0,1
"2017",3,서울특별시,마포구,3,3,0,3,0,0
"2017",3,서울특별시,양천구,0,1,0,1,0,1
"2017",3,서울특별시,강서구,1,2,0,2,0,2
"2017",3,서울특별시,구로구,0,2,1,2,0,0
"2017",3,서울특별시,영등포구,0,2,0,2,2,0
"2017",3,서울특별시,관악구,3,4,0,4,0,3
"2017",3,서울특별시,서초구,2,4,0,4,0,3
"2017",3,서울특별시,강남구,4,4,0,4,0,4
"2017",3,서울특별시,송파구,0,13,0,13,0,4
"2017",3,서울특별시,강동구,0,4,0,4,0,4
"2017",3,부산광역시,동구,0,1,0,1,0,1
"2017",3,부산광역시,남구,1,1,1,1,0,1
"2017",3,부산광역시,북구,0,1,0,1,0,1
"2017",3,부산광역시,강서구,0,6,0,6,0,6
"2017",3,부산광역시,연제구,0,1,0,1,0,0
"2017",3,부산광역시,사상구,0,1,1,1,1,0
"2017",3,부산광역시,기장군,0,2,0,2,0,2
"2017",3,대구광역시,남구,0,1,1,1,0,0
"2017",3,대구광역시,북구,0,4,0,4,0,4
"2017",3,대구광역시,달성군,1,1,0,1,1,0
"2017",3,인천광역시,미추홀구,0,1,0,1,0,0
"2017",3,인천광역시,남동구,5,5,3,5,1,4
"2017",3,인천광역시,부평구,0,1,0,1,1,0
"2017",3,인천광역시,서구,0,5,0,5,0,1
"2017",3,인천광역시,옹진군,0,1,0,1,0,1
"2017",3,광주광역시,서구,21,2,0,2,0,2
"2017",3,광주광역시,북구,0,4,1,4,0,3
"2017",3,대전광역시,동구,0,2,0,2,1,1
"2017",3,대전광역시,서구,0,1,1,1,0,1
"2017",3,울산광역시,중구,0,2,1,2,1,1
"2017",3,울산광역시,남구,0,1,0,1,0,1
"2017",3,울산광역시,북구,0,1,0,1,0,0
"2017",3,세종특별자치시,세종시,0,2,0,2,0,2
"2017",3,경기도,수원시권선구,0,2,0,2,2,0
"2017",3,경기도,수원시팔달구,0,3,0,3,1,1
"2017",3,경기도,성남시중원구,0,2,0,2,0,0
"2017",3,경기도,안양시동안구,0,1,1,1,0,1
"2017",3,경기도,부천시,0,4,0,4,0,4
"2017",3,경기도,평택시,0,6,3,6,1,4
"2017",3,경기도,동두천시,4,2,0,2,0,0
"2017",3,경기도,안산시단원구,2,2,0,2,0,2
"2017",3,경기도,고양시덕양구,0,2,0,2,0,1
"2017",3,경기도,고양시일산동구,0,1,0,1,1,0
"2017",3,경기도,구리시,0,1,1,1,0,1
"2017",3,경기도,남양주시,0,6,0,6,0,6
"2017",3,경기도,하남시,0,2,2,2,1,1
"2017",3,경기도,용인시처인구,1,2,0,2,1,1
"2017",3,경기도,파주시,0,1,1,1,0,1
"2017",3,경기도,김포시,0,3,0,3,1,1
"2017",3,경기도,화성시,0,5,0,5,0,5
"2017",3,경기도,양주시,0,5,0,5,3,1
"2017",3,경기도,양평군,0,1,0,1,0,1
"2017",3,충청북도,청주시서원구,0,1,1,1,1,0
"2017",3,충청북도,충주시,0,2,2,2,0,1
"2017",3,충청남도,천안시동남구,0,1,1,1,0,0
"2017",3,충청남도,천안시서북구,0,1,0,1,0,1
"2017",3,충청남도,공주시,0,1,1,1,1,0
"2017",3,충청남도,아산시,0,3,0,3,0,3
"2017",3,충청남도,논산시,0,5,0,5,0,5
"2017",3,충청남도,당진시,0,1,0,1,1,0
"2017",3,충청남도,예산군,0,2,1,2,2,0
"2017",3,전라남도,여수시,0,6,6,6,0,1
"2017",3,전라남도,나주시,0,1,0,1,1,0
"2017",3,경상북도,경주시,30,5,0,5,0,5
"2017",3,경상북도,안동시,0,1,1,1,1,0
"2017",3,경상북도,구미시,0,4,3,4,0,3
"2017",3,경상북도,영천시,0,1,0,1,0,1
"2017",3,경상북도,문경시,0,2,2,2,0,1
"2017",3,경상북도,경산시,2,2,2,2,0,2
"2017",3,경상북도,칠곡군,1,1,0,1,0,1
"2017",3,경상남도,창원시진해구,0,2,1,2,1,1
"2017",3,경상남도,진주시,0,6,0,6,0,5
"2017",3,경상남도,김해시,0,4,0,4,0,4
"2017",3,경상남도,양산시,1,1,1,1,0,1
"2017",3,경상남도,남해군,4,2,2,2,0,2
"2017",3,제주특별자치도,서귀포시,1,1,0,1,0,0
"2017",3,강원특별자치도,춘천시,2,2,1,2,1,1
"2017",3,전북특별자치도,전주시덕진구,0,3,0,2,0,2
"2017",4,서울특별시,종로구,0,1,0,1,0,1
"2017",4,서울특별시,중구,2,2,0,2,2,0
"2017",4,서울특별시,용산구,0,1,0,1,1,0
"2017",4,서울특별시,은평구,0,2,0,2,0,1
"2017",4,서울특별시,마포구,1,1,0,1,0,0
"2017",4,서울특별시,강서구,1,2,1,2,0,1
"2017",4,서울특별시,구로구,0,2,1,2,1,1
"2017",4,서울특별시,영등포구,0,1,0,1,0,1
"2017",4,서울특별시,동작구,25,1,0,1,0,0
"2017",4,서울특별시,관악구,3,3,0,3,0,3
"2017",4,서울특별시,서초구,0,5,0,5,0,2
"2017",4,서울특별시,강남구,9,8,2,8,0,3
"2017",4,서울특별시,송파구,1,4,0,4,1,3
"2017",4,서울특별시,강동구,0,2,0,2,0,1
"2017",4,부산광역시,동구,71,4,3,4,0,3
"2017",4,부산광역시,부산진구,0,1,0,1,0,1
"2017",4,부산광역시,북구,0,2,0,2,0,2
"2017",4,부산광역시,해운대구,0,2,0,2,1,1
"2017",4,부산광역시,사하구,0,1,0,1,1,0
"2017",4,부산광역시,금정구,0,5,2,5,0,2
"2017",4,부산광역시,강서구,0,3,0,3,0,3
"2017",4,부산광역시,연제구,0,3,0,3,0,3
"2017",4,대구광역시,동구,0,2,0,2,1,1
"2017",4,대구광역시,북구,0,1,0,1,0,1
"2017",4,대구광역시,수성구,0,3,0,3,0,0
"2017",4,인천광역시,중구,0,1,0,1,0,0
"2017",4,인천광역시,미추홀구,0,5,0,5,2,3
"2017",4,인천광역시,남동구,1,1,0,1,0,1
"2017",4,광주광역시,북구,0,2,1,2,0,1
"2017",4,광주광역시,광산구,0,2,0,2,2,0
"2017",4,대전광역시,동구,0,1,0,1,1,0
"2017",4,대전광역시,서구,0,3,0,3,1,1
"2017",4,대전광역시,유성구,9,4,1,4,4,0
"2017",4,대전광역시,대덕구,0,1,0,1,1,0
"2017",4,울산광역시,남구,0,4,0,4,1,1
"2017",4,세종특별자치시,세종시,0,1,1,1,0,0
"2017",4,경기도,수원시장안구,0,1,1,1,0,1
"2017",4,경기도,의정부시,4,2,0,2,1,0
"2017",4,경기도,부천시,3,3,0,3,0,2
"2017",4,경기도,평택시,2,3,1,3,1,1
"2017",4,경기도,안산시단원구,0,2,0,2,1,1
"2017",4,경기도,고양시덕양구,0,2,0,2,1,0
"2017",4,경기도,고양시일산동구,0,3,0,3,2,1
"2017",4,경기도,남양주시,0,1,0,1,0,1
"2017",4,경기도,군포시,0,3,0,3,0,3
"2017",4,경기도,하남시,0,2,2,2,0,1
"2017",4,경기도,용인시처인구,0,1,1,1,0,1
"2017",4,경기도,용인시기흥구,0,1,0,1,0,0
"2017",4,경기도,안성시,0,1,0,1,0,1
"2017",4,경기도,김포시,0,2,0,2,1,0
"2017",4,경기도,화성시,0,1,0,1,1,0
"2017",4,경기도,양주시,0,3,0,3,0,2
"2017",4,충청북도,청주시청원구,0,1,1,1,0,1
"2017",4,충청북도,충주시,40,2,0,2,0,1
"2017",4,충청남도,천안시동남구,0,1,0,1,0,1
"2017",4,충청남도,아산시,0,2,0,2,0,1
"2017",4,충청남도,서산시,0,1,0,1,0,0
"2017",4,충청남도,계룡시,0,1,1,1,1,0
"2017",4,충청남도,예산군,0,1,1,1,1,0
"2017",4,전라남도,여수시,404,2,0,2,0,2
"2017",4,전라남도,나주시,2,2,0,2,2,0
"2017",4,전라남도,담양군,0,1,0,1,0,0
"2017",4,경상북도,구미시,0,5,5,5,0,2
"2017",4,경상북도,영천시,0,1,0,1,0,0
"2017",4,경상북도,경산시,3,3,3,3,0,2
"2017",4,경상북도,청송군,0,1,0,1,0,1
"2017",4,경상북도,칠곡군,0,1,0,1,0,1
"2017",4,경상북도,울진군,16,1,0,1,0,1
"2017",4,경상남도,창원시마산합포구,0,1,0,1,0,1
"2017",4,경상남도,진주시,0,4,0,4,0,3
"2017",4,경상남도,사천시,12,2,0,2,1,0
"2017",4,경상남도,김해시,31,14,0,14,0,4
"2017",4,경상남도,양산시,0,1,0,1,0,1
"2017",4,경상남도,창녕군,206,2,0,2,0,1
"2017",4,경상남도,하동군,96,2,2,2,0,2
"2017",4,제주특별자치도,제주시,0,4,1,4,3,0
"2017",4,제주특별자치도,서귀포시,1,1,0,1,0,1
"2017",4,전북특별자치도,전주시덕진구,0,2,0,2,0,1
"2017",4,전북특별자치도,김제시,0,2,0,2,0,2
"2018",1,서울특별시,중구,1,1,0,1,1,0
"2018",1,서울특별시,용산구,0,1,1,1,0,1
"2018",1,서울특별시,성동구,4,2,0,2,0,2
"2018",1,서울특별시,동대문구,1,2,1,2,1,1
"2018",1,서울특별시,중랑구,0,1,0,1,0,0
"2018",1,서울특별시,성북구,0,1,0,1,1,0
"2018",1,서울특별시,노원구,2,2,2,2,0,1
"2018",1,서울특별시,은평구,0,1,0,1,1,0
"2018",1,서울특별시,서대문구,0,1,0,1,0,0
"2018",1,서울특별시,마포구,1,2,0,2,0,2
"2018",1,서울특별시,양천구,13,2,1,2,1,1
"2018",1,서울특별시,강서구,0,5,1,5,2,3
"2018",1,서울특별시,구로구,0,1,0,1,0,1
"2018",1,서울특별시,금천구,2,2,0,2,0,2
"2018",1,서울특별시,영등포구,6,7,0,7,0,6
"2018",1,서울특별시,동작구,3,2,2,2,0,2
"2018",1,서울특별시,관악구,10,17,0,17,0,17
"2018",1,서울특별시,서초구,10,11,1,11,0,6
"2018",1,서울특별시,강남구,17,16,1,16,0,13
"2018",1,서울특별시,송파구,2,4,0,4,0,2
"2018",1,부산광역시,중구,0,1,1,1,0,0
"2018",1,부산광역시,서구,0,1,1,1,0,0
"2018",1,부산광역시,영도구,0,6,0,6,0,0
"2018",1,부산광역시,부산진구,0,2,1,2,1,0
"2018",1,부산광역시,남구,0,1,1,1,1,0
"2018",1,부산광역시,북구,0,2,0,2,0,2
"2018",1,부산광역시,해운대구,0,2,0,2,0,1
"2018",1,부산광역시,사하구,0,2,0,2,1,1
"2018",1,부산광역시,금정구,0,3,0,3,0,3
"2018",1,부산광역시,강서구,0,5,0,5,0,5
"2018",1,부산광역시,연제구,0,4,0,4,0,4
"2018",1,부산광역시,수영구,0,1,0,1,0,1
"2018",1,부산광역시,기장군,0,1,0,1,0,1
"2018",1,대구광역시,동구,0,5,4,5,0,3
"2018",1,대구광역시,서구,0,2,2,2,0,2
"2018",1,대구광역시,남구,0,1,1,1,1,0
"2018",1,대구광역시,북구,3,3,0,3,1,2
"2018",1,대구광역시,수성구,0,6,2,6,0,6
"2018",1,대구광역시,달서구,0,2,0,2,0,2
"2018",1,인천광역시,중구,0,2,0,2,1,1
"2018",1,인천광역시,미추홀구,0,4,0,4,1,2
"2018",1,인천광역시,연수구,0,5,0,5,0,4
"2018",1,인천광역시,남동구,1,1,0,1,0,1
"2018",1,인천광역시,부평구,0,2,1,2,1,1
"2018",1,인천광역시,계양구,0,1,0,1,0,0
"2018",1,인천광역시,서구,0,2,1,2,0,2
"2018",1,광주광역시,서구,0,2,1,2,1,1
"2018",1,광주광역시,광산구,0,5,0,5,0,5
"2018",1,대전광역시,동구,136,6,0,6,0,2
"2018",1,대전광역시,중구,0,1,0,1,0,1
"2018",1,대전광역시,서구,0,2,0,2,0,1
"2018",1,대전광역시,대덕구,0,1,0,1,0,1
"2018",1,울산광역시,북구,19,1,0,1,0,1
"2018",1,울산광역시,울주군,0,4,4,4,0,4
"2018",1,세종특별자치시,세종시,0,2,2,2,0,0
"2018",1,경기도,수원시권선구,0,5,2,5,0,5
"2018",1,경기도,수원시팔달구,0,4,0,4,0,2
"2018",1,경기도,수원시영통구,0,1,1,1,0,1
"2018",1,경기도,성남시수정구,1,1,0,1,0,0
"2018",1,경기도,의정부시,0,2,0,2,0,1
"2018",1,경기도,안양시만안구,0,2,2,2,0,0
"2018",1,경기도,안양시동안구,0,1,0,1,0,1
"2018",1,경기도,부천시,2,7,0,7,1,5
"2018",1,경기도,광명시,0,1,0,1,0,0
"2018",1,경기도,평택시,3,5,0,5,1,3
"2018",1,경기도,안산시상록구,0,1,0,1,1,0
"2018",1,경기도,안산시단원구,0,3,1,3,0,2
"2018",1,경기도,고양시덕양구,0,1,0,1,0,1
"2018",1,경기도,고양시일산동구,0,4,0,4,2,2
"2018",1,경기도,고양시일산서구,1,1,0,1,0,1
"2018",1,경기도,과천시,0,2,0,2,0,0
"2018",1,경기도,구리시,0,2,0,2,0,1
"2018",1,경기도,남양주시,0,2,0,2,0,2
"2018",1,경기도,시흥시,0,1,0,1,0,1
"2018",1,경기도,하남시,0,8,0,8,0,5
"2018",1,경기도,용인시처인구,0,1,0,1,0,1
"2018",1,경기도,용인시수지구,0,1,1,1,0,1
"2018",1,경기도,파주시,0,2,1,2,0,2
"2018",1,경기도,이천시,1,2,0,2,1,1
"2018",1,경기도,안성시,0,3,0,3,2,1
"2018",1,경기도,화성시,0,5,0,5,0,4
"2018",1,경기도,광주시,0,2,0,2,0,2
"2018",1,경기도,양평군,0,3,3,3,0,1
"2018",1,충청북도,청주시청원구,0,1,1,1,0,1
"2018",1,충청북도,충주시,0,1,0,1,0,1
"2018",1,충청북도,제천시,0,6,0,6,1,3
"2018",1,충청북도,음성군,0,1,1,1,1,0
"2018",1,충청남도,천안시동남구,0,1,0,1,1,0
"2018",1,충청남도,아산시,0,1,0,1,0,1
"2018",1,충청남도,서산시,0,1,0,1,1,0
"2018",1,충청남도,당진시,0,1,0,1,0,1
"2018",1,충청남도,서천군,0,1,0,1,1,0
"2018",1,충청남도,홍성군,0,2,0,2,0,1
"2018",1,전라남도,여수시,1561,7,0,7,0,2
"2018",1,전라남도,광양시,0,1,3,1,0,1
"2018",1,전라남도,무안군,0,1,0,1,0,1
"2018",1,경상북도,포항시북구,5,3,1,3,0,1
"2018",1,경상북도,김천시,0,1,1,1,0,1
"2018",1,경상북도,안동시,0,2,0,2,0,2
"2018",1,경상북도,구미시,0,8,8,8,0,2
"2018",1,경상북도,영천시,0,1,0,1,0,1
"2018",1,경상북도,경산시,9,9,9,9,1,8
"2018",1,경상남도,진주시,0,5,0,5,0,4
"2018",1,경상남도,김해시,5,15,0,15,2,9
"2018",1,경상남도,밀양시,9,3,3,3,0,1
"2018",1,경상남도,거제시,0,2,0,2,0,2
"2018",1,경상남도,양산시,2,2,0,2,0,2
"2018",1,경상남도,창녕군,0,2,1,2,1,1
"2018",1,경상남도,거창군,8,2,0,2,0,1
"2018",1,제주특별자치도,제주시,0,3,0,3,0,1
"2018",1,제주특별자치도,서귀포시,5,3,3,3,0,3
"2018",1,전북특별자치도,전주시완산구,0,1,0,1,1,0
"2018",1,전북특별자치도,부안군,0,1,1,1,0,1
"2018",2,서울특별시,종로구,0,5,2,5,0,4
"2018",2,서울특별시,용산구,1,2,1,2,1,0
"2018",2,서울특별시,성동구,1,8,3,8,0,5
"2018",2,서울특별시,동대문구,1,1,0,1,0,0
"2018",2,서울특별시,중랑구,0,1,0,1,0,1
"2018",2,서울특별시,성북구,0,3,0,3,0,3
"2018",2,서울특별시,도봉구,0,1,1,1,0,1
"2018",2,서울특별시,은평구,0,4,0,4,0,0
"2018",2,서울특별시,서대문구,4,2,2,2,0,0
"2018",2,서울특별시,강서구,0,1,1,1,0,1
"2018",2,서울특별시,구로구,0,1,0,1,0,0
"2018",2,서울특별시,금천구,0,1,0,1,0,0
"2018",2,서울특별시,영등포구,3,3,0,3,1,2
"2018",2,서울특별시,동작구,2,4,1,4,0,4
"2018",2,서울특별시,관악구,10,9,0,9,0,9
"2018",2,서울특별시,서초구,2,11,0,11,2,2
"2018",2,서울특별시,강남구,15,15,0,15,0,14
"2018",2,서울특별시,송파구,0,6,3,6,2,3
"2018",2,서울특별시,강동구,0,3,0,3,0,3
"2018",2,부산광역시,중구,0,4,4,4,0,0
"2018",2,부산광역시,동구,1,1,1,1,0,1
"2018",2,부산광역시,영도구,0,1,0,1,0,0
"2018",2,부산광역시,동래구,0,2,0,2,1,1
"2018",2,부산광역시,남구,0,1,0,1,0,1
"2018",2,부산광역시,북구,0,6,0,6,0,6
"2018",2,부산광역시,해운대구,0,9,0,9,0,5
"2018",2,부산광역시,사하구,0,1,0,1,0,0
"2018",2,부산광역시,금정구,0,1,0,1,0,1
"2018",2,부산광역시,강서구,0,2,0,2,0,1
"2018",2,부산광역시,연제구,0,21,0,21,0,18
"2018",2,부산광역시,기장군,0,2,1,2,1,1
"2018",2,대구광역시,수성구,0,8,1,8,0,6
"2018",2,인천광역시,중구,0,1,0,1,0,1
"2018",2,인천광역시,미추홀구,0,6,0,6,2,3
"2018",2,인천광역시,연수구,0,4,1,4,2,1
"2018",2,인천광역시,남동구,5,5,0,5,4,1
"2018",2,인천광역시,부평구,0,1,1,1,1,0
"2018",2,인천광역시,계양구,0,4,0,4,1,0
"2018",2,인천광역시,서구,0,13,0,13,12,0
"2018",2,광주광역시,동구,0,1,1,1,0,1
"2018",2,광주광역시,서구,0,3,0,3,0,1
"2018",2,광주광역시,북구,0,3,1,3,0,3
"2018",2,대전광역시,동구,0,1,0,1,1,0
"2018",2,대전광역시,서구,0,5,0,5,0,2
"2018",2,대전광역시,유성구,107,7,3,7,1,1
"2018",2,울산광역시,중구,0,3,1,3,0,1
"2018",2,울산광역시,동구,15,1,1,1,0,1
"2018",2,울산광역시,북구,510,4,1,4,0,2
"2018",2,울산광역시,울주군,0,14,1,14,0,6
"2018",2,세종특별자치시,세종시,0,3,3,3,0,2
"2018",2,경기도,수원시권선구,0,1,1,1,0,0
"2018",2,경기도,수원시팔달구,0,2,2,2,0,1
"2018",2,경기도,수원시영통구,0,1,1,1,0,0
"2018",2,경기도,성남시수정구,4,4,0,4,1,2
"2018",2,경기도,성남시중원구,4,4,0,4,1,0
"2018",2,경기도,의정부시,0,3,0,3,0,0
"2018",2,경기도,안양시만안구,0,1,1,1,0,0
"2018",2,경기도,부천시,2,3,1,3,1,1
"2018",2,경기도,광명시,0,1,0,1,1,0
"2018",2,경기도,평택시,1,6,1,6,1,4
"2018",2,경기도,동두천시,0,1,0,1,0,1
"2018",2,경기도,안산시상록구,1,1,0,1,1,0
"2018",2,경기도,안산시단원구,0,8,0,8,0,7
"2018",2,경기도,고양시덕양구,0,2,0,2,0,2
"2018",2,경기도,고양시일산동구,0,1,0,1,0,1
"2018",2,경기도,고양시일산서구,0,3,0,3,0,3
"2018",2,경기도,과천시,1,1,0,1,0,1
"2018",2,경기도,구리시,0,2,0,2,0,2
"2018",2,경기도,남양주시,0,3,0,3,1,1
"2018",2,경기도,시흥시,0,1,0,1,0,1
"2018",2,경기도,하남시,0,7,0,7,0,5
"2018",2,경기도,용인시수지구,0,1,1,1,0,0
"2018",2,경기도,파주시,0,2,0,2,0,2
"2018",2,경기도,안성시,0,4,1,4,0,4
"2018",2,경기도,화성시,0,7,0,7,1,3
"2018",2,경기도,광주시,0,4,1,4,1,3
"2018",2,경기도,포천시,0,1,0,1,1,0
"2018",2,경기도,여주시,1,2,0,2,1,1
"2018",2,충청북도,청주시상당구,3,1,0,1,0,1
"2018",2,충청북도,청주시흥덕구,0,1,0,1,1,0
"2018",2,충청북도,청주시청원구,0,1,1,1,1,0
"2018",2,충청북도,제천시,2,0,2,0,0,0
"2018",2,충청북도,음성군,0,1,0,1,0,1
"2018",2,충청북도,단양군,0,1,0,1,1,0
"2018",2,충청남도,천안시동남구,0,3,0,3,0,1
"2018",2,충청남도,천안시서북구,0,3,0,3,0,1
"2018",2,충청남도,공주시,0,1,0,1,0,1
"2018",2,충청남도,서산시,0,2,0,2,2,0
"2018",2,충청남도,부여군,0,1,1,1,0,0
"2018",2,충청남도,홍성군,0,8,0,8,0,1
"2018",2,충청남도,예산군,2,3,1,3,1,2
"2018",2,전라남도,나주시,1,3,2,3,2,1
"2018",2,전라남도,광양시,0,2,0,2,0,2
"2018",2,전라남도,담양군,0,1,1,1,1,0
"2018",2,전라남도,무안군,0,1,0,1,0,1
"2018",2,경상북도,포항시남구,16,1,0,1,0,0
"2018",2,경상북도,포항시북구,1,1,0,1,0,1
"2018",2,경상북도,경주시,0,1,0,1,1,0
"2018",2,경상북도,구미시,0,4,4,4,0,3
"2018",2,경상북도,영천시,40,2,0,2,0,0
"2018",2,경상북도,문경시,4,2,1,2,1,1
"2018",2,경상남도,창원시마산합포구,0,1,0,1,0,1
"2018",2,경상남도,창원시진해구,0,1,1,1,0,1
"2018",2,경상남도,진주시,0,5,0,5,0,4
"2018",2,경상남도,통영시,0,2,2,2,0,0
"2018",2,경상남도,김해시,1,17,0,16,1,4
"2018",2,경상남도,거제시,2,2,0,2,0,2
"2018",2,경상남도,양산시,1,1,0,1,0,1
"2018",2,경상남도,함안군,0,2,0,2,0,2
"2018",2,경상남도,창녕군,0,1,0,1,0,1
"2018",2,경상남도,고성군,0,1,0,1,0,1
"2018",2,경상남도,거창군,49,1,0,1,0,1
"2018",2,제주특별자치도,제주시,0,2,0,2,1,0
"2018",2,제주특별자치도,서귀포시,3,5,5,5,1,4
"2018",2,강원특별자치도,춘천시,0,1,0,1,1,0
"2018",2,강원특별자치도,원주시,0,3,0,3,1,2
"2018",2,강원특별자치도,횡성군,0,2,0,2,0,2
"2018",2,강원특별자치도,양양군,40,1,1,1,1,0
"2018",2,전북특별자치도,전주시완산구,0,2,0,2,0,2
"2018",2,전북특별자치도,군산시,0,2,0,2,1,1
"2018",2,전북특별자치도,장수군,16,1,0,1,0,1
"2018",3,서울특별시,종로구,0,1,0,1,0,1
"2018",3,서울특별시,용산구,4,5,1,5,1,0
"2018",3,서울특별시,성동구,1,2,2,2,0,2
"2018",3,서울특별시,광진구,1,1,0,1,0,0
"2018",3,서울특별시,동대문구,8,6,4,6,1,3
"2018",3,서울특별시,중랑구,0,4,0,4,0,1
"2018",3,서울특별시,강북구,0,3,0,3,1,0
"2018",3,서울특별시,은평구,0,1,0,1,0,1
"2018",3,서울특별시,서대문구,3,4,0,4,0,3
"2018",3,서울특별시,마포구,0,6,1,6,1,1
"2018",3,서울특별시,양천구,0,1,0,1,1,0
"2018",3,서울특별시,강서구,0,4,0,4,0,3
"2018",3,서울특별시,구로구,0,3,0,3,1,2
"2018",3,서울특별시,금천구,0,1,0,1,1,0
"2018",3,서울특별시,영등포구,2,2,0,2,0,1
"2018",3,서울특별시,동작구,1,3,0,3,0,3
"2018",3,서울특별시,관악구,3,2,0,2,0,2
"2018",3,서울특별시,서초구,2,2,0,2,0,1
"2018",3,서울특별시,강남구,6,7,0,7,1,3
"2018",3,서울특별시,송파구,0,12,0,12,1,6
"2018",3,서울특별시,강동구,0,1,0,1,0,0
"2018",3,부산광역시,중구,0,1,1,1,0,0
"2018",3,부산광역시,북구,0,1,0,1,0,1
"2018",3,부산광역시,사하구,0,2,0,2,0,1
"2018",3,부산광역시,금정구,0,1,0,1,0,1
"2018",3,부산광역시,연제구,0,5,0,5,0,4
"2018",3,부산광역시,수영구,0,1,0,1,0,1
"2018",3,부산광역시,사상구,1,1,0,1,0,1
"2018",3,부산광역시,기장군,0,1,1,1,0,1
"2018",3,대구광역시,동구,0,2,1,2,2,0
"2018",3,대구광역시,수성구,0,3,1,3,0,3
"2018",3,대구광역시,달서구,0,3,0,3,0,2
"2018",3,인천광역시,미추홀구,0,1,0,1,0,1
"2018",3,인천광역시,연수구,0,10,0,10,0,1
"2018",3,인천광역시,남동구,2,2,0,2,0,2
"2018",3,인천광역시,부평구,0,2,0,2,1,1
"2018",3,인천광역시,계양구,0,1,0,1,0,0
"2018",3,인천광역시,서구,0,4,0,4,0,4
"2018",3,광주광역시,서구,0,3,0,3,0,2
"2018",3,광주광역시,북구,0,3,1,3,0,2
"2018",3,대전광역시,서구,0,3,0,3,0,2
"2018",3,대전광역시,유성구,0,4,0,4,0,3
"2018",3,대전광역시,대덕구,0,1,0,1,0,1
"2018",3,울산광역시,중구,0,2,0,2,0,2
"2018",3,울산광역시,울주군,0,10,0,10,0,0
"2018",3,세종특별자치시,세종시,0,2,2,2,0,2
"2018",3,경기도,수원시팔달구,0,3,2,3,0,2
"2018",3,경기도,수원시영통구,1,2,0,2,0,1
"2018",3,경기도,의정부시,1,1,0,1,0,0
"2018",3,경기도,안양시동안구,0,1,0,1,1,0
"2018",3,경기도,부천시,1,2,0,2,0,1
"2018",3,경기도,광명시,0,2,0,2,0,0
"2018",3,경기도,평택시,1,7,0,7,0,6
"2018",3,경기도,안산시상록구,0,2,1,2,1,1
"2018",3,경기도,안산시단원구,0,1,0,1,1,0
"2018",3,경기도,고양시일산동구,0,3,0,3,0,3
"2018",3,경기도,과천시,0,1,0,1,0,0
"2018",3,경기도,구리시,0,3,0,3,1,1
"2018",3,경기도,남양주시,0,12,0,12,0,1
"2018",3,경기도,하남시,0,8,0,8,1,3
"2018",3,경기도,용인시처인구,0,2,0,2,0,1
"2018",3,경기도,용인시기흥구,2,2,0,2,0,2
"2018",3,경기도,용인시수지구,0,6,6,6,0,4
"2018",3,경기도,파주시,0,5,0,5,2,3
"2018",3,경기도,안성시,0,1,0,1,0,1
"2018",3,경기도,화성시,0,12,2,12,6,4
"2018",3,경기도,양주시,1,2,1,2,0,2
"2018",3,경기도,양평군,0,3,1,3,1,1
"2018",3,충청북도,청주시상당구,0,1,0,1,0,0
"2018",3,충청북도,청주시흥덕구,0,1,0,1,1,0
"2018",3,충청북도,청주시청원구,0,1,1,1,0,0
"2018",3,충청북도,진천군,0,1,0,1,1,0
"2018",3,충청남도,천안시동남구,0,4,0,4,0,3
"2018",3,충청남도,천안시서북구,0,2,0,2,0,2
"2018",3,충청남도,서산시,0,2,0,2,1,0
"2018",3,충청남도,당진시,0,1,0,1,1,0
"2018",3,충청남도,부여군,0,2,2,2,0,2
"2018",3,충청남도,서천군,0,1,0,1,0,1
"2018",3,충청남도,홍성군,0,1,0,1,0,0
"2018",3,충청남도,예산군,3,3,0,3,0,2
"2018",3,전라남도,광양시,0,1,0,1,0,1
"2018",3,전라남도,무안군,0,1,0,1,0,1
"2018",3,경상북도,포항시남구,20,3,2,3,1,0
"2018",3,경상북도,경주시,0,2,1,2,0,2
"2018",3,경상북도,구미시,0,10,10,10,0,2
"2018",3,경상북도,영천시,0,1,0,1,0,1
"2018",3,경상북도,문경시,1,1,0,1,0,1
"2018",3,경상북도,경산시,1,1,1,1,1,0
"2018",3,경상북도,청송군,0,1,0,1,0,1
"2018",3,경상남도,창원시성산구,1,1,1,1,0,0
"2018",3,경상남도,진주시,0,3,0,3,1,2
"2018",3,경상남도,통영시,0,1,0,1,0,1
"2018",3,경상남도,김해시,11,6,0,6,1,3
"2018",3,경상남도,양산시,1,2,0,2,0,2
"2018",3,경상남도,창녕군,1,2,1,2,2,0
"2018",3,경상남도,고성군,2,2,0,2,1,1
"2018",3,경상남도,남해군,1,1,0,1,0,1
"2018",3,경상남도,하동군,0,1,0,1,0,1
"2018",3,제주특별자치도,제주시,0,3,2,3,1,2
"2018",3,제주특별자치도,서귀포시,1,1,1,1,0,1
"2018",3,강원특별자치도,춘천시,0,3,0,3,3,0
"2018",3,강원특별자치도,원주시,0,4,0,4,0,2
"2018",3,강원특별자치도,횡성군,0,2,0,2,0,2
"2018",3,전북특별자치도,전주시완산구,0,1,0,1,0,0
"2018",4,서울특별시,종로구,0,2,0,2,0,1
"2018",4,서울특별시,중구,1,1,1,1,0,1
"2018",4,서울특별시,용산구,9,8,2,8,2,3
"2018",4,서울특별시,성동구,3,2,0,2,1,1
"2018",4,서울특별시,광진구,0,1,0,1,0,1
"2018",4,서울특별시,동대문구,0,1,1,1,0,1
"2018",4,서울특별시,중랑구,0,1,0,1,0,1
"2018",4,서울특별시,성북구,0,1,0,1,0,1
"2018",4,서울특별시,강북구,0,1,0,1,0,0
"2018",4,서울특별시,노원구,0,1,1,1,0,0
"2018",4,서울특별시,마포구,0,11,0,11,1,1
"2018",4,서울특별시,강서구,0,1,0,1,1,0
"2018",4,서울특별시,영등포구,2,2,0,2,2,0
"2018",4,서울특별시,동작구,1,1,0,1,0,1
"2018",4,서울특별시,관악구,1,1,0,1,0,1
"2018",4,서울특별시,서초구,0,10,0,10,0,5
"2018",4,서울특별시,강남구,7,5,0,5,2,3
"2018",4,서울특별시,송파구,0,9,0,9,0,3
"2018",4,서울특별시,강동구,0,2,0,2,0,2
"2018",4,부산광역시,동래구,0,1,0,1,1,0
"2018",4,부산광역시,남구,0,1,0,1,0,1
"2018",4,부산광역시,해운대구,0,3,0,3,0,3
"2018",4,부산광역시,강서구,1,2,1,2,1,0
"2018",4,부산광역시,연제구,0,2,0,2,0,1
"2018",4,부산광역시,사상구,0,1,0,1,0,0
"2018",4,부산광역시,기장군,0,1,0,1,1,0
"2018",4,대구광역시,남구,0,1,0,1,0,1
"2018",4,대구광역시,수성구,0,1,1,1,0,1
"2018",4,대구광역시,달서구,1,4,0,4,0,2
"2018",4,인천광역시,중구,1,2,1,2,0,0
"2018",4,인천광역시,미추홀구,0,2,0,2,0,1
"2018",4,인천광역시,연수구,0,6,0,6,0,5
"2018",4,인천광역시,남동구,2,2,0,2,0,2
"2018",4,인천광역시,부평구,0,2,1,2,0,2
"2018",4,인천광역시,계양구,0,1,0,1,0,0
"2018",4,대전광역시,동구,0,8,0,8,2,0
"2018",4,대전광역시,서구,0,5,1,5,1,3
"2018",4,대전광역시,유성구,0,2,0,2,0,2
"2018",4,울산광역시,중구,250,5,0,5,0,2
"2018",4,울산광역시,북구,20,4,2,4,0,0
"2018",4,울산광역시,울주군,0,2,0,2,1,1
"2018",4,경기도,수원시장안구,0,1,0,1,1,0
"2018",4,경기도,수원시권선구,1,3,0,3,1,1
"2018",4,경기도,수원시영통구,0,2,0,2,1,1
"2018",4,경기도,성남시수정구,0,1,0,1,1,0
"2018",4,경기도,성남시분당구,0,1,0,1,0,1
"2018",4,경기도,부천시,38,3,0,3,1,0
"2018",4,경기도,광명시,1,2,0,2,0,1
"2018",4,경기도,평택시,0,5,0,5,0,5
"2018",4,경기도,안산시상록구,0,1,0,1,1,0
"2018",4,경기도,안산시단원구,0,2,0,2,1,1
"2018",4,경기도,고양시덕양구,0,2,0,2,0,2
"2018",4,경기도,고양시일산동구,0,3,0,3,2,1
"2018",4,경기도,구리시,0,1,0,1,0,1
"2018",4,경기도,남양주시,0,7,0,7,0,3
"2018",4,경기도,시흥시,0,2,0,2,0,1
"2018",4,경기도,군포시,0,1,0,1,1,0
"2018",4,경기도,용인시기흥구,0,1,0,1,1,0
"2018",4,경기도,파주시,0,1,0,1,0,1
"2018",4,경기도,화성시,1,9,0,9,0,3
"2018",4,경기도,양주시,1,2,1,2,1,1
"2018",4,경기도,양평군,0,3,0,3,0,2
"2018",4,충청북도,청주시서원구,0,2,0,2,0,1
"2018",4,충청북도,청주시청원구,0,1,1,1,0,1
"2018",4,충청북도,충주시,0,1,0,1,0,1
"2018",4,충청북도,옥천군,0,2,0,2,0,2
"2018",4,충청남도,천안시동남구,0,1,0,1,0,1
"2018",4,충청남도,천안시서북구,0,4,0,4,0,2
"2018",4,충청남도,아산시,0,3,2,3,0,2
"2018",4,충청남도,당진시,0,2,0,2,0,2
"2018",4,충청남도,서천군,0,2,0,2,2,0
"2018",4,전라남도,여수시,243,1,0,1,1,0
"2018",4,전라남도,화순군,0,1,0,1,1,0
"2018",4,전라남도,무안군,0,1,0,1,0,0
"2018",4,경상북도,포항시남구,2,2,2,2,0,2
"2018",4,경상북도,포항시북구,4,2,0,2,0,0
"2018",4,경상북도,김천시,0,1,0,1,0,1
"2018",4,경상북도,구미시,0,5,5,5,0,2
"2018",4,경상남도,창원시마산합포구,0,1,0,1,0,0
"2018",4,경상남도,진주시,0,2,0,2,1,0
"2018",4,경상남도,사천시,30,5,0,5,0,3
"2018",4,경상남도,김해시,0,8,3,8,1,2
"2018",4,경상남도,거제시,2,2,0,2,1,1
"2018",4,경상남도,창녕군,0,5,1,5,1,3
"2018",4,경상남도,하동군,11,1,0,1,0,0
"2018",4,제주특별자치도,제주시,0,1,0,1,1,0
"2018",4,제주특별자치도,서귀포시,1,1,1,1,0,1
"2018",4,강원특별자치도,춘천시,0,1,1,1,1,0
"2018",4,강원특별자치도,원주시,0,1,0,1,0,1
"2018",4,전북특별자치도,전주시완산구,0,2,0,2,1,1
"2018",4,전북특별자치도,군산시,0,1,0,1,1,0
"2018",4,전북특별자치도,정읍시,0,1,0,1,1,0
"2019",1,서울특별시,종로구,0,1,0,1,0,1
"2019",1,서울특별시,중구,21,2,1,2,0,0
"2019",1,서울특별시,용산구,2,3,1,3,0,3
"2019",1,서울특별시,성동구,8,5,0,5,0,2
"2019",1,서울특별시,동대문구,0,2,0,2,2,0
"2019",1,서울특별시,성북구,0,1,0,1,0,1
"2019",1,서울특별시,도봉구,0,2,0,2,0,2
"2019",1,서울특별시,노원구,0,1,0,1,0,0
"2019",1,서울특별시,마포구,2,2,0,2,0,0
"2019",1,서울특별시,영등포구,2,2,0,2,0,2
"2019",1,서울특별시,동작구,0,3,0,3,1,1
"2019",1,서울특별시,관악구,2,3,0,3,0,2
"2019",1,서울특별시,서초구,0,2,0,2,0,2
"2019",1,서울특별시,강남구,4,6,0,6,0,4
"2019",1,서울특별시,송파구,0,2,0,2,0,1
"2019",1,부산광역시,서구,0,1,0,1,0,0
"2019",1,부산광역시,남구,0,1,0,1,1,0
"2019",1,부산광역시,해운대구,0,1,0,1,0,0
"2019",1,부산광역시,사하구,0,1,0,1,0,1
"2019",1,부산광역시,수영구,0,1,0,1,0,1
"2019",1,부산광역시,기장군,0,1,0,1,0,0
"2019",1,대구광역시,수성구,0,1,0,1,0,1
"2019",1,대구광역시,달서구,2,3,0,3,1,0
"2019",1,인천광역시,동구,0,1,0,1,0,1
"2019",1,인천광역시,미추홀구,0,6,0,6,0,5
"2019",1,인천광역시,연수구,0,1,0,1,0,1
"2019",1,인천광역시,남동구,1,2,0,2,1,1
"2019",1,인천광역시,강화군,0,3,0,3,0,3
"2019",1,광주광역시,서구,0,2,0,2,0,1
"2019",1,광주광역시,북구,0,2,0,2,0,1
"2019",1,광주광역시,광산구,0,3,0,3,2,0
"2019",1,대전광역시,동구,1,5,1,5,0,1
"2019",1,대전광역시,서구,0,4,0,4,1,2
"2019",1,대전광역시,유성구,0,3,0,3,0,1
"2019",1,대전광역시,대덕구,0,2,0,2,0,2
"2019",1,울산광역시,동구,0,1,0,1,1,0
"2019",1,울산광역시,북구,0,1,0,1,0,1
"2019",1,울산광역시,울주군,0,4,0,4,0,2
"2019",1,경기도,수원시권선구,0,1,0,1,0,1
"2019",1,경기도,성남시수정구,0,2,0,2,0,2
"2019",1,경기도,성남시중원구,0,1,0,1,1,0
"2019",1,경기도,성남시분당구,0,2,0,2,0,2
"2019",1,경기도,의정부시,0,1,0,1,0,1
"2019",1,경기도,부천시,0,1,0,1,1,0
"2019",1,경기도,평택시,4,5,0,5,0,3
"2019",1,경기도,동두천시,0,1,0,1,0,1
"2019",1,경기도,안산시상록구,0,3,0,3,1,2
"2019",1,경기도,안산시단원구,0,6,0,6,6,0
"2019",1,경기도,고양시덕양구,0,1,0,1,0,1
"2019",1,경기도,고양시일산동구,0,1,0,1,0,1
"2019",1,경기도,구리시,0,1,0,1,1,0
"2019",1,경기도,남양주시,0,3,0,3,1,2
"2019",1,경기도,시흥시,1,2,0,2,1,0
"2019",1,경기도,하남시,0,1,0,1,0,1
"2019",1,경기도,용인시수지구,0,2,0,2,0,2
"2019",1,경기도,이천시,0,1,0,1,0,1
"2019",1,경기도,안성시,0,1,0,1,0,1
"2019",1,경기도,김포시,0,1,0,1,0,1
"2019",1,경기도,화성시,0,5,0,5,1,4
"2019",1,경기도,양주시,0,3,0,3,0,3
"2019",1,경기도,포천시,0,1,0,1,0,1
"2019",1,경기도,양평군,0,1,0,1,0,0
"2019",1,충청북도,청주시상당구,0,1,0,1,0,0
"2019",1,충청북도,청주시서원구,0,1,0,1,0,1
"2019",1,충청북도,청주시흥덕구,0,1,0,1,1,0
"2019",1,충청북도,충주시,0,1,0,1,0,1
"2019",1,충청북도,음성군,0,2,0,2,0,2
"2019",1,충청남도,천안시동남구,2,2,0,2,0,1
"2019",1,충청남도,천안시서북구,0,1,0,1,0,1
"2019",1,충청남도,보령시,0,1,0,1,0,1
"2019",1,충청남도,아산시,1,1,1,1,0,1
"2019",1,충청남도,서산시,0,2,0,2,0,1
"2019",1,충청남도,서천군,0,1,0,1,0,1
"2019",1,전라남도,여수시,0,2,0,2,0,2
"2019",1,전라남도,나주시,0,3,0,3,0,0
"2019",1,전라남도,광양시,0,2,0,2,0,2
"2019",1,경상북도,포항시남구,0,2,0,2,0,2
"2019",1,경상북도,포항시북구,0,1,0,1,1,0
"2019",1,경상북도,구미시,0,8,0,8,0,3
"2019",1,경상북도,영주시,0,2,0,2,0,2
"2019",1,경상북도,칠곡군,0,2,0,2,0,2
"2019",1,경상남도,창원시성산구,0,1,0,1,1,0
"2019",1,경상남도,창원시마산합포구,0,3,0,3,1,1
"2019",1,경상남도,창원시진해구,0,1,0,1,1,0
"2019",1,경상남도,진주시,0,3,0,3,0,3
"2019",1,경상남도,통영시,0,1,0,1,0,1
"2019",1,경상남도,김해시,0,5,0,5,0,3
"2019",1,경상남도,양산시,0,2,0,2,0,2
"2019",1,경상남도,하동군,0,1,0,1,0,1
"2019",1,제주특별자치도,제주시,0,2,0,2,0,2
"2019",1,강원특별자치도,강릉시,0,1,0,1,0,1
"2019",1,강원특별자치도,영월군,0,1,0,1,0,1
"2019",1,전북특별자치도,전주시완산구,0,1,0,1,1,0
"2019",1,전북특별자치도,김제시,0,1,0,1,1,0
"2019",1,전북특별자치도,부안군,0,1,0,1,0,1
"2019",2,서울특별시,종로구,0,1,0,1,0,1
"2019",2,서울특별시,중구,5,3,0,3,2,1
"2019",2,서울특별시,용산구,1,2,1,2,1,0
"2019",2,서울특별시,중랑구,0,1,0,1,0,0
"2019",2,서울특별시,강북구,1,6,0,6,1,3
"2019",2,서울특별시,도봉구,0,1,0,1,1,0
"2019",2,서울특별시,노원구,0,1,1,1,0,0
"2019",2,서울특별시,서대문구,1,1,0,1,0,1
"2019",2,서울특별시,마포구,0,2,0,2,1,1
"2019",2,서울특별시,양천구,0,1,0,1,1,0
"2019",2,서울특별시,구로구,0,1,0,1,0,0
"2019",2,서울특별시,영등포구,1,1,0,1,0,1
"2019",2,서울특별시,관악구,3,3,0,3,0,2
"2019",2,서울특별시,서초구,0,7,0,7,0,2
"2019",2,서울특별시,강남구,10,11,0,11,1,6
"2019",2,서울특별시,송파구,0,8,0,8,0,2
"2019",2,서울특별시,강동구,0,2,0,2,1,1
"2019",2,부산광역시,서구,0,2,0,2,0,0
"2019",2,부산광역시,동래구,0,2,0,2,0,1
"2019",2,부산광역시,해운대구,0,1,0,1,0,0
"2019",2,부산광역시,강서구,0,1,0,1,0,0
"2019",2,부산광역시,연제구,0,1,0,1,1,0
"2019",2,부산광역시,수영구,0,1,0,1,1,0
"2019",2,부산광역시,사상구,0,1,0,1,1,0
"2019",2,부산광역시,기장군,0,4,0,4,0,4
"2019",2,대구광역시,서구,0,3,0,3,0,2
"2019",2,대구광역시,남구,0,2,0,2,1,1
"2019",2,대구광역시,수성구,0,4,0,4,0,4
"2019",2,인천광역시,미추홀구,0,4,0,4,2,2
"2019",2,인천광역시,남동구,0,2,0,2,0,2
"2019",2,인천광역시,부평구,0,2,0,2,0,2
"2019",2,인천광역시,계양구,0,1,0,1,0,0
"2019",2,인천광역시,서구,0,1,0,1,1,0
"2019",2,인천광역시,강화군,0,1,0,1,0,1
"2019",2,광주광역시,서구,0,1,0,1,0,0
"2019",2,광주광역시,남구,0,1,0,1,0,1
"2019",2,광주광역시,북구,0,1,0,1,0,1
"2019",2,대전광역시,대덕구,0,4,0,4,0,2
"2019",2,울산광역시,중구,0,3,0,3,0,1
"2019",2,울산광역시,남구,0,5,0,5,0,1
"2019",2,울산광역시,동구,0,1,0,1,0,1
"2019",2,울산광역시,북구,0,5,0,5,0,4
"2019",2,울산광역시,울주군,0,1,0,1,0,1
"2019",2,경기도,수원시권선구,0,1,0,1,0,1
"2019",2,경기도,수원시팔달구,0,1,0,1,1,0
"2019",2,경기도,성남시수정구,0,1,0,1,0,1
"2019",2,경기도,성남시분당구,0,3,0,3,0,3
"2019",2,경기도,의정부시,0,5,0,5,1,3
"2019",2,경기도,부천시,0,1,0,1,0,0
"2019",2,경기도,광명시,0,1,0,1,0,1
"2019",2,경기도,평택시,0,14,0,14,3,7
"2019",2,경기도,안산시상록구,0,2,0,2,0,2
"2019",2,경기도,안산시단원구,0,8,0,8,2,6
"2019",2,경기도,고양시덕양구,0,1,0,1,0,0
"2019",2,경기도,남양주시,0,5,0,5,0,4
"2019",2,경기도,오산시,0,1,0,1,1,0
"2019",2,경기도,시흥시,0,6,0,6,4,2
"2019",2,경기도,의왕시,0,1,0,1,0,1
"2019",2,경기도,하남시,0,2,0,2,0,1
"2019",2,경기도,김포시,0,4,0,4,0,0
"2019",2,경기도,화성시,0,8,0,8,0,4
"2019",2,경기도,광주시,0,1,0,1,0,1
"2019",2,경기도,양주시,0,1,0,1,0,1
"2019",2,경기도,포천시,0,1,0,1,0,1
"2019",2,경기도,연천군,0,3,0,3,0,0
"2019",2,경기도,가평군,0,1,0,1,0,0
"2019",2,충청북도,청주시상당구,0,3,0,3,1,1
"2019",2,충청북도,청주시서원구,0,1,0,1,0,1
"2019",2,충청북도,청주시흥덕구,0,1,0,1,0,1
"2019",2,충청북도,청주시청원구,0,1,0,1,0,0
"2019",2,충청북도,충주시,0,1,0,1,0,1
"2019",2,충청북도,음성군,0,1,0,1,1,0
"2019",2,충청남도,천안시동남구,0,3,0,3,0,2
"2019",2,충청남도,천안시서북구,0,1,0,1,0,1
"2019",2,충청남도,보령시,0,1,0,1,0,0
"2019",2,충청남도,아산시,0,7,0,7,2,5
"2019",2,충청남도,서산시,0,2,0,2,1,1
"2019",2,충청남도,서천군,0,2,0,2,2,0
"2019",2,전라남도,목포시,0,5,0,5,0,5
"2019",2,전라남도,나주시,1,1,0,1,0,0
"2019",2,전라남도,무안군,0,1,0,1,0,1
"2019",2,경상북도,경주시,0,1,0,1,0,1
"2019",2,경상북도,김천시,0,2,0,2,0,0
"2019",2,경상북도,예천군,0,1,0,1,1,0
"2019",2,경상남도,진주시,0,3,0,3,0,2
"2019",2,경상남도,통영시,0,1,0,1,0,1
"2019",2,경상남도,사천시,0,1,0,1,1,0
"2019",2,경상남도,김해시,0,7,0,7,3,3
"2019",2,경상남도,양산시,0,2,0,2,1,1
"2019",2,경상남도,의령군,0,1,0,1,0,1
"2019",2,경상남도,창녕군,0,1,0,1,0,1
"2019",2,제주특별자치도,제주시,0,2,0,2,1,1
"2019",2,제주특별자치도,서귀포시,0,2,0,2,0,2
"2019",2,강원특별자치도,원주시,0,1,0,1,1,0
"2019",2,강원특별자치도,강릉시,0,1,0,1,0,1
"2019",2,전북특별자치도,전주시완산구,0,1,0,1,0,0
"2019",2,전북특별자치도,김제시,0,1,0,1,1,0
"2019",3,서울특별시,종로구,0,1,0,1,1,0
"2019",3,서울특별시,성동구,0,2,0,2,0,1
"2019",3,서울특별시,동대문구,6,4,0,4,0,2
"2019",3,서울특별시,중랑구,0,3,0,3,0,2
"2019",3,서울특별시,강북구,0,7,0,7,1,5
"2019",3,서울특별시,서대문구,1,1,0,1,0,0
"2019",3,서울특별시,구로구,0,2,0,2,2,0
"2019",3,서울특별시,동작구,0,1,0,1,0,1
"2019",3,서울특별시,서초구,0,5,0,5,0,4
"2019",3,서울특별시,강남구,4,4,0,4,0,4
"2019",3,서울특별시,강동구,0,1,0,1,1,0
"2019",3,부산광역시,서구,0,2,0,2,0,1
"2019",3,부산광역시,동래구,0,5,0,5,0,2
"2019",3,부산광역시,해운대구,0,6,0,6,1,4
"2019",3,부산광역시,사하구,0,6,0,6,0,2
"2019",3,부산광역시,수영구,0,2,0,2,0,2
"2019",3,부산광역시,기장군,0,1,1,1,0,1
"2019",3,대구광역시,수성구,0,3,0,3,0,2
"2019",3,대구광역시,달서구,0,2,0,2,0,0
"2019",3,대구광역시,달성군,0,1,0,1,0,1
"2019",3,인천광역시,중구,0,1,0,1,0,1
"2019",3,인천광역시,미추홀구,0,2,0,2,2,0
"2019",3,인천광역시,연수구,0,1,0,1,0,1
"2019",3,인천광역시,부평구,0,1,0,1,1,0
"2019",3,광주광역시,동구,0,1,1,1,0,1
"2019",3,광주광역시,서구,0,4,0,4,0,2
"2019",3,광주광역시,남구,0,1,0,1,0,1
"2019",3,대전광역시,동구,0,1,0,1,0,1
"2019",3,대전광역시,유성구,0,4,0,4,0,4
"2019",3,대전광역시,대덕구,0,1,0,1,0,0
"2019",3,울산광역시,동구,0,2,0,2,1,1
"2019",3,울산광역시,북구,0,1,0,1,0,1
"2019",3,울산광역시,울주군,0,6,0,6,2,3
"2019",3,경기도,수원시장안구,0,1,0,1,1,0
"2019",3,경기도,수원시권선구,0,1,0,1,0,0
"2019",3,경기도,수원시팔달구,0,3,0,3,0,2
"2019",3,경기도,성남시수정구,0,1,0,1,0,0
"2019",3,경기도,성남시중원구,0,1,0,1,1,0
"2019",3,경기도,부천시,0,2,0,2,1,1
"2019",3,경기도,광명시,0,2,0,2,0,2
"2019",3,경기도,평택시,0,4,0,4,0,3
"2019",3,경기도,안산시단원구,1,4,0,4,0,2
"2019",3,경기도,남양주시,0,3,0,3,1,2
"2019",3,경기도,용인시기흥구,0,1,0,1,0,1
"2019",3,경기도,안성시,0,1,0,1,1,0
"2019",3,경기도,김포시,0,2,0,2,0,2
"2019",3,경기도,화성시,0,21,0,21,2,10
"2019",3,경기도,연천군,0,1,0,1,0,1
"2019",3,충청북도,청주시흥덕구,0,1,0,1,1,0
"2019",3,충청북도,제천시,0,2,0,2,1,1
"2019",3,충청북도,음성군,0,1,0,1,0,1
"2019",3,충청남도,천안시동남구,0,1,0,1,0,1
"2019",3,충청남도,아산시,0,6,0,6,1,5
"2019",3,충청남도,서산시,0,1,0,1,0,1
"2019",3,충청남도,당진시,0,1,0,1,0,1
"2019",3,전라남도,광양시,0,1,0,1,0,0
"2019",3,전라남도,화순군,0,1,0,1,1,0
"2019",3,경상북도,포항시북구,0,3,0,3,1,2
"2019",3,경상북도,경주시,0,2,0,2,1,1
"2019",3,경상북도,경산시,0,1,0,1,0,1
"2019",3,경상북도,예천군,0,1,0,1,0,1
"2019",3,경상남도,창원시마산합포구,0,2,0,2,1,1
"2019",3,경상남도,진주시,0,4,0,4,1,1
"2019",3,경상남도,김해시,0,8,0,8,0,6
"2019",3,경상남도,함양군,0,1,0,1,0,1
"2019",3,경상남도,거창군,0,1,0,1,0,1
"2019",3,제주특별자치도,제주시,0,6,0,6,1,5
"2019",3,제주특별자치도,서귀포시,0,1,0,1,0,1
"2019",3,강원특별자치도,강릉시,0,1,0,1,0,1
"2019",3,강원특별자치도,삼척시,0,1,0,1,1,0
"2019",3,강원특별자치도,횡성군,0,1,0,1,0,1
"2019",3,전북특별자치도,전주시완산구,0,3,0,3,0,2
"2019",3,전북특별자치도,부안군,0,1,0,1,1,0
"2019",4,서울특별시,종로구,0,2,0,2,0,1
"2019",4,서울특별시,중구,3,3,2,3,2,1
"2019",4,서울특별시,용산구,0,1,1,1,0,1
"2019",4,서울특별시,성동구,0,29,0,29,0,29
"2019",4,서울특별시,광진구,0,2,0,2,2,0
"2019",4,서울특별시,동대문구,0,1,0,1,1,0
"2019",4,서울특별시,성북구,2,2,0,2,1,0
"2019",4,서울특별시,강북구,0,5,0,5,1,2
"2019",4,서울특별시,노원구,0,2,0,2,1,0
"2019",4,서울특별시,서대문구,0,2,0,2,0,2
"2019",4,서울특별시,마포구,2,5,0,5,0,1
"2019",4,서울특별시,강서구,0,1,0,1,1,0
"2019",4,서울특별시,구로구,0,3,0,3,2,0
"2019",4,서울특별시,금천구,0,1,0,1,0,0
"2019",4,서울특별시,동작구,0,3,0,3,0,3
"2019",4,서울특별시,관악구,0,3,0,3,1,2
"2019",4,서울특별시,서초구,0,6,0,6,1,5
"2019",4,서울특별시,강남구,7,7,0,7,1,3
"2019",4,서울특별시,송파구,0,14,0,14,0,6
"2019",4,서울특별시,강동구,0,1,0,1,0,1
"2019",4,부산광역시,중구,0,1,0,1,0,0
"2019",4,부산광역시,서구,0,2,0,2,0,0
"2019",4,부산광역시,동구,0,2,0,2,0,1
"2019",4,부산광역시,영도구,0,5,0,5,0,1
"2019",4,부산광역시,북구,0,2,0,2,0,0
"2019",4,부산광역시,해운대구,0,2,0,2,1,1
"2019",4,부산광역시,사하구,0,3,0,3,0,2
"2019",4,부산광역시,연제구,0,7,0,7,0,7
"2019",4,부산광역시,기장군,0,1,1,1,0,1
"2019",4,대구광역시,서구,0,2,0,2,0,0
"2019",4,대구광역시,북구,0,1,0,1,0,1
"2019",4,인천광역시,중구,0,3,2,3,0,0
"2019",4,인천광역시,연수구,0,1,0,1,0,0
"2019",4,인천광역시,부평구,0,4,0,4,0,4
"2019",4,광주광역시,동구,0,1,0,1,1,0
"2019",4,광주광역시,서구,0,2,0,2,0,1
"2019",4,대전광역시,동구,0,1,0,1,0,1
"2019",4,대전광역시,중구,0,1,0,1,1,0
"2019",4,대전광역시,서구,0,1,0,1,0,0
"2019",4,대전광역시,유성구,0,1,0,1,0,1
"2019",4,울산광역시,북구,0,11,0,11,0,3
"2019",4,울산광역시,울주군,0,1,0,1,0,0
"2019",4,경기도,수원시권선구,0,1,0,1,1,0
"2019",4,경기도,성남시분당구,0,2,0,2,0,0
"2019",4,경기도,부천시,0,3,0,3,0,0
"2019",4,경기도,평택시,0,5,0,5,0,4
"2019",4,경기도,안산시상록구,0,1,0,1,1,0
"2019",4,경기도,안산시단원구,0,4,0,4,2,2
"2019",4,경기도,고양시덕양구,0,1,0,1,0,1
"2019",4,경기도,고양시일산동구,0,1,0,1,0,1
"2019",4,경기도,구리시,0,3,0,3,2,1
"2019",4,경기도,남양주시,0,7,0,7,3,1
"2019",4,경기도,시흥시,0,2,0,2,1,1
"2019",4,경기도,하남시,0,2,0,2,0,1
"2019",4,경기도,용인시처인구,0,1,0,1,0,0
"2019",4,경기도,파주시,0,1,0,1,0,1
"2019",4,경기도,안성시,0,3,0,3,1,0
"2019",4,경기도,김포시,0,1,0,1,0,0
"2019",4,경기도,화성시,0,2,0,2,0,2
"2019",4,경기도,양주시,0,1,0,1,1,0
"2019",4,경기도,포천시,0,1,0,1,1,0
"2019",4,경기도,양평군,0,2,0,2,2,0
"2019",4,충청북도,청주시상당구,0,1,0,1,0,0
"2019",4,충청북도,청주시서원구,0,1,0,1,0,0
"2019",4,충청북도,청주시흥덕구,0,1,0,1,0,0
"2019",4,충청북도,청주시청원구,0,1,0,1,0,0
"2019",4,충청북도,제천시,0,3,0,3,0,2
"2019",4,충청북도,진천군,0,1,0,1,0,0
"2019",4,충청남도,천안시동남구,0,1,0,1,0,1
"2019",4,충청남도,천안시서북구,0,1,0,1,0,1
"2019",4,충청남도,아산시,0,2,0,2,0,1
"2019",4,충청남도,서산시,0,3,0,3,1,1
"2019",4,충청남도,당진시,0,2,0,2,0,2
"2019",4,전라남도,목포시,0,1,0,1,1,0
"2019",4,전라남도,나주시,0,2,0,2,1,1
"2019",4,경상북도,포항시남구,0,3,0,3,0,2
"2019",4,경상북도,경주시,0,2,0,2,0,2
"2019",4,경상북도,구미시,0,3,0,3,0,1
"2019",4,경상북도,문경시,1,1,0,1,0,1
"2019",4,경상북도,칠곡군,0,1,0,1,0,0
"2019",4,경상남도,창원시마산합포구,0,1,0,1,1,0
"2019",4,경상남도,창원시진해구,0,2,0,2,0,2
"2019",4,경상남도,진주시,0,4,0,4,0,0
"2019",4,경상남도,김해시,0,4,0,4,1,3
"2019",4,경상남도,합천군,0,1,0,1,0,1
"2019",4,제주특별자치도,제주시,0,5,0,5,2,2
"2019",4,제주특별자치도,서귀포시,0,2,0,2,0,1
"2019",4,강원특별자치도,춘천시,0,1,0,1,1,0
"2019",4,강원특별자치도,원주시,0,3,0,3,2,1
"2019",4,강원특별자치도,강릉시,0,1,0,1,1,0
"2019",4,전북특별자치도,전주시완산구,0,1,0,1,1,0
"2019",4,전북특별자치도,군산시,0,2,0,2,0,0
"2019",4,전북특별자치도,익산시,0,2,0,2,0,0
"2020",1,서울특별시,용산구,0,1,0,1,0,1
"2020",1,서울특별시,성동구,0,2,0,2,0,0
"2020",1,서울특별시,광진구,1,1,1,1,0,1
"2020",1,서울특별시,동대문구,0,4,0,4,1,2
"2020",1,서울특별시,성북구,2,2,2,2,0,2
"2020",1,서울특별시,강북구,0,2,0,2,1,0
"2020",1,서울특별시,노원구,0,2,0,2,1,1
"2020",1,서울특별시,서대문구,0,3,0,3,0,1
"2020",1,서울특별시,마포구,0,1,0,1,1,0
"2020",1,서울특별시,강서구,0,1,0,1,0,1
"2020",1,서울특별시,구로구,0,1,0,1,0,0
"2020",1,서울특별시,금천구,0,1,0,1,0,0
"2020",1,서울특별시,영등포구,1,1,0,1,0,1
"2020",1,서울특별시,동작구,0,3,0,3,0,2
"2020",1,서울특별시,관악구,0,10,0,10,1,6
"2020",1,서울특별시,서초구,0,6,0,6,1,4
"2020",1,서울특별시,강남구,4,5,0,5,1,2
"2020",1,서울특별시,송파구,0,2,0,2,0,1
"2020",1,서울특별시,강동구,0,3,0,3,1,1
"2020",1,부산광역시,부산진구,0,2,0,2,0,2
"2020",1,부산광역시,해운대구,0,1,0,1,0,1
"2020",1,부산광역시,수영구,0,1,0,1,0,1
"2020",1,대구광역시,수성구,0,1,0,1,0,1
"2020",1,인천광역시,미추홀구,0,3,0,3,0,2
"2020",1,인천광역시,연수구,0,1,0,1,0,1
"2020",1,인천광역시,남동구,0,2,0,2,0,1
"2020",1,인천광역시,부평구,0,4,0,4,1,3
"2020",1,인천광역시,서구,0,3,0,3,1,2
"2020",1,광주광역시,동구,0,1,0,1,0,0
"2020",1,광주광역시,서구,0,2,0,2,1,1
"2020",1,광주광역시,남구,0,1,0,1,1,0
"2020",1,광주광역시,북구,0,2,0,2,0,0
"2020",1,광주광역시,광산구,0,3,0,3,0,1
"2020",1,대전광역시,동구,4,1,0,1,0,1
"2020",1,대전광역시,서구,0,2,0,2,0,2
"2020",1,대전광역시,대덕구,0,1,0,1,1,0
"2020",1,울산광역시,중구,0,2,0,2,0,1
"2020",1,울산광역시,남구,0,3,0,3,0,2
"2020",1,울산광역시,동구,0,2,0,2,1,0
"2020",1,울산광역시,북구,0,1,0,1,0,1
"2020",1,울산광역시,울주군,0,2,0,2,0,2
"2020",1,세종특별자치시,세종시,0,3,0,3,0,1
"2020",1,경기도,수원시팔달구,0,4,0,4,0,4
"2020",1,경기도,성남시수정구,0,2,0,2,0,2
"2020",1,경기도,성남시중원구,0,1,0,1,1,0
"2020",1,경기도,부천시,0,2,0,2,2,0
"2020",1,경기도,광명시,0,6,0,6,0,6
"2020",1,경기도,평택시,0,5,0,5,0,0
"2020",1,경기도,안산시상록구,0,1,0,1,1,0
"2020",1,경기도,안산시단원구,0,3,0,3,0,2
"2020",1,경기도,고양시덕양구,0,1,0,1,0,1
"2020",1,경기도,고양시일산동구,0,1,0,1,0,1
"2020",1,경기도,구리시,0,4,0,4,0,2
"2020",1,경기도,남양주시,0,4,0,4,0,3
"2020",1,경기도,시흥시,0,1,0,1,0,1
"2020",1,경기도,하남시,0,1,0,1,0,0
"2020",1,경기도,안성시,0,1,0,1,0,1
"2020",1,경기도,김포시,0,5,0,5,1,4
"2020",1,경기도,포천시,0,3,0,3,0,1
"2020",1,경기도,양평군,0,1,0,1,1,0
"2020",1,충청남도,천안시동남구,0,2,0,2,0,2
"2020",1,충청남도,천안시서북구,1,1,0,1,0,0
"2020",1,충청남도,청양군,0,1,0,1,0,1
"2020",1,충청남도,홍성군,0,1,0,1,0,0
"2020",1,충청남도,예산군,0,2,1,2,2,0
"2020",1,전라남도,목포시,0,3,0,3,1,2
"2020",1,전라남도,무안군,0,1,1,1,1,0
"2020",1,경상북도,포항시북구,0,1,0,1,1,0
"2020",1,경상북도,안동시,0,1,0,1,0,1
"2020",1,경상북도,구미시,0,2,0,2,0,0
"2020",1,경상북도,문경시,1,1,0,1,0,1
"2020",1,경상북도,영덕군,0,1,0,1,0,1
"2020",1,경상북도,칠곡군,0,1,0,1,1,0
"2020",1,경상북도,예천군,0,1,0,1,0,1
"2020",1,경상남도,창원시의창구,0,1,0,1,0,0
"2020",1,경상남도,진주시,0,4,0,4,1,3
"2020",1,경상남도,통영시,0,1,0,1,1,0
"2020",1,경상남도,사천시,0,1,0,1,1,0
"2020",1,경상남도,김해시,0,3,0,3,1,2
"2020",1,경상남도,양산시,0,1,0,1,1,0
"2020",1,경상남도,함안군,0,1,0,1,0,1
"2020",1,경상남도,남해군,0,1,0,1,0,1
"2020",1,제주특별자치도,제주시,0,4,0,4,0,4
"2020",1,제주특별자치도,서귀포시,0,3,0,3,2,1
"2020",1,전북특별자치도,군산시,0,1,0,1,1,0
"2020",2,서울특별시,용산구,2,2,1,2,1,0
"2020",2,서울특별시,성동구,4,5,0,5,0,5
"2020",2,서울특별시,광진구,0,2,0,2,1,1
"2020",2,서울특별시,동대문구,0,1,0,1,0,1
"2020",2,서울특별시,중랑구,0,1,0,1,0,0
"2020",2,서울특별시,강북구,0,3,0,3,0,1
"2020",2,서울특별시,도봉구,0,1,0,1,0,0
"2020",2,서울특별시,서대문구,0,2,0,2,0,1
"2020",2,서울특별시,강서구,0,4,0,4,0,3
"2020",2,서울특별시,금천구,0,1,0,1,0,1
"2020",2,서울특별시,영등포구,1,1,0,1,1,0
"2020",2,서울특별시,동작구,0,1,0,1,0,1
"2020",2,서울특별시,서초구,0,4,0,4,0,4
"2020",2,서울특별시,강남구,13,13,0,13,0,7
"2020",2,서울특별시,송파구,0,7,0,7,0,4
"2020",2,서울특별시,강동구,0,1,0,1,0,1
"2020",2,부산광역시,서구,0,1,0,1,0,1
"2020",2,부산광역시,영도구,0,1,0,1,0,1
"2020",2,부산광역시,부산진구,0,4,0,4,1,3
"2020",2,부산광역시,해운대구,0,5,0,5,0,3
"2020",2,부산광역시,사하구,0,1,0,1,0,1
"2020",2,부산광역시,강서구,0,4,0,4,1,3
"2020",2,부산광역시,연제구,0,2,0,2,0,2
"2020",2,부산광역시,수영구,0,1,0,1,0,0
"2020",2,부산광역시,사상구,0,2,0,2,0,0
"2020",2,대구광역시,서구,0,2,0,2,0,0
"2020",2,대구광역시,달성군,0,1,0,1,0,1
"2020",2,인천광역시,중구,0,1,1,1,0,0
"2020",2,인천광역시,미추홀구,0,3,0,3,0,3
"2020",2,인천광역시,연수구,0,2,0,2,1,1
"2020",2,인천광역시,남동구,0,5,0,5,0,5
"2020",2,인천광역시,부평구,0,2,0,2,0,2
"2020",2,인천광역시,계양구,0,2,0,2,1,0
"2020",2,인천광역시,서구,0,7,0,7,0,7
"2020",2,광주광역시,서구,0,5,0,5,1,2
"2020",2,광주광역시,광산구,0,3,0,3,0,1
"2020",2,대전광역시,동구,0,1,0,1,0,1
"2020",2,대전광역시,중구,0,2,0,2,0,1
"2020",2,대전광역시,서구,0,3,0,3,0,3
"2020",2,울산광역시,중구,0,1,0,1,0,1
"2020",2,세종특별자치시,세종시,0,2,0,2,0,2
"2020",2,경기도,수원시장안구,0,1,0,1,0,1
"2020",2,경기도,수원시권선구,0,1,0,1,0,0
"2020",2,경기도,수원시팔달구,0,1,0,1,0,1
"2020",2,경기도,성남시중원구,0,1,0,1,0,1
"2020",2,경기도,부천시,0,12,0,12,1,3
"2020",2,경기도,광명시,0,2,0,2,0,2
"2020",2,경기도,평택시,0,7,0,7,0,4
"2020",2,경기도,동두천시,0,1,0,1,1,0
"2020",2,경기도,안산시상록구,0,1,0,1,0,1
"2020",2,경기도,안산시단원구,0,1,0,1,0,1
"2020",2,경기도,고양시덕양구,0,1,0,1,1,0
"2020",2,경기도,구리시,0,1,0,1,0,1
"2020",2,경기도,남양주시,0,4,0,4,0,2
"2020",2,경기도,시흥시,0,1,0,1,0,1
"2020",2,경기도,군포시,0,1,0,1,0,1
"2020",2,경기도,용인시기흥구,0,1,1,1,0,1
"2020",2,경기도,용인시수지구,0,1,0,1,1,0
"2020",2,경기도,안성시,0,2,0,2,1,1
"2020",2,경기도,김포시,0,4,0,4,1,1
"2020",2,경기도,화성시,0,2,0,2,0,2
"2020",2,경기도,포천시,0,2,0,2,1,1
"2020",2,경기도,가평군,0,1,0,1,0,1
"2020",2,충청북도,청주시서원구,0,2,0,2,2,0
"2020",2,충청북도,청주시흥덕구,0,3,0,3,0,1
"2020",2,충청남도,천안시동남구,0,9,0,9,0,0
"2020",2,충청남도,천안시서북구,1,2,0,2,0,0
"2020",2,충청남도,아산시,0,1,0,1,1,0
"2020",2,충청남도,서산시,0,1,0,1,1,0
"2020",2,충청남도,당진시,0,1,0,1,1,0
"2020",2,충청남도,홍성군,0,1,0,1,1,0
"2020",2,전라남도,목포시,0,2,0,2,0,2
"2020",2,전라남도,화순군,0,1,0,1,1,0
"2020",2,경상북도,포항시북구,0,3,0,3,2,1
"2020",2,경상남도,진주시,0,3,0,3,0,2
"2020",2,경상남도,통영시,0,2,0,2,1,1
"2020",2,경상남도,김해시,0,4,0,4,2,2
"2020",2,경상남도,양산시,0,1,0,1,0,1
"2020",2,제주특별자치도,제주시,0,3,0,3,1,2
"2020",2,제주특별자치도,서귀포시,0,1,0,1,0,0
"2020",2,강원특별자치도,춘천시,0,1,0,1,0,1
"2020",2,강원특별자치도,원주시,0,1,0,1,0,1
"2020",2,강원특별자치도,동해시,0,1,0,1,1,0
"2020",2,강원특별자치도,홍천군,0,1,0,1,1,0
"2020",2,강원특별자치도,횡성군,0,1,0,1,1,0
"2020",2,강원특별자치도,양구군,0,1,0,1,0,1
"2020",2,전북특별자치도,전주시완산구,0,1,0,1,1,0
"2020",2,전북특별자치도,익산시,0,1,0,1,0,0
"2020",3,서울특별시,중구,1,1,0,1,0,0
"2020",3,서울특별시,용산구,0,2,0,2,0,1
"2020",3,서울특별시,성동구,1,1,0,1,0,1
"2020",3,서울특별시,광진구,0,1,0,1,0,1
"2020",3,서울특별시,성북구,0,4,0,4,1,1
"2020",3,서울특별시,강북구,0,1,0,1,0,0
"2020",3,서울특별시,양천구,0,1,0,1,1,0
"2020",3,서울특별시,강서구,0,6,0,6,0,5
"2020",3,서울특별시,동작구,0,1,0,1,1,0
"2020",3,서울특별시,관악구,1,4,0,4,1,2
"2020",3,서울특별시,서초구,0,1,0,1,0,1
"2020",3,서울특별시,강남구,0,5,0,5,0,4
"2020",3,서울특별시,송파구,0,16,0,16,1,7
"2020",3,서울특별시,강동구,4,3,4,3,0,1
"2020",3,부산광역시,영도구,0,1,0,1,0,1
"2020",3,부산광역시,해운대구,0,1,0,1,0,0
"2020",3,부산광역시,강서구,0,5,0,5,2,3
"2020",3,부산광역시,연제구,0,1,0,1,0,1
"2020",3,부산광역시,수영구,0,1,0,1,0,1
"2020",3,부산광역시,사상구,0,2,0,2,0,1
"2020",3,부산광역시,기장군,0,1,0,1,0,1
"2020",3,대구광역시,남구,0,6,0,6,1,0
"2020",3,대구광역시,북구,0,6,0,6,2,4
"2020",3,인천광역시,중구,0,2,0,2,0,0
"2020",3,인천광역시,연수구,0,1,0,1,0,1
"2020",3,인천광역시,남동구,0,1,0,1,0,1
"2020",3,인천광역시,부평구,0,2,0,2,1,1
"2020",3,인천광역시,계양구,0,2,0,2,0,0
"2020",3,인천광역시,서구,0,3,0,3,0,3
"2020",3,광주광역시,동구,0,1,0,1,0,1
"2020",3,광주광역시,서구,0,11,0,11,1,6
"2020",3,광주광역시,남구,0,1,0,1,0,1
"2020",3,광주광역시,북구,0,1,0,1,0,1
"2020",3,광주광역시,광산구,0,3,0,3,0,2
"2020",3,대전광역시,서구,0,2,0,2,1,1
"2020",3,대전광역시,유성구,1,1,0,1,0,0
"2020",3,울산광역시,동구,0,2,0,2,1,0
"2020",3,울산광역시,울주군,0,2,0,2,0,1
"2020",3,세종특별자치시,세종시,0,2,0,2,1,0
"2020",3,경기도,수원시장안구,0,1,0,1,1,0
"2020",3,경기도,수원시팔달구,0,2,0,2,0,2
"2020",3,경기도,성남시수정구,0,2,0,2,0,1
"2020",3,경기도,성남시중원구,0,1,0,1,0,0
"2020",3,경기도,성남시분당구,0,1,0,1,0,1
"2020",3,경기도,부천시,0,4,0,4,0,3
"2020",3,경기도,평택시,0,5,0,5,0,5
"2020",3,경기도,동두천시,0,1,0,1,0,1
"2020",3,경기도,안산시단원구,2,6,0,6,0,5
"2020",3,경기도,고양시일산동구,0,1,0,1,0,0
"2020",3,경기도,남양주시,0,10,0,10,0,5
"2020",3,경기도,의왕시,0,1,0,1,0,0
"2020",3,경기도,용인시처인구,0,1,0,1,0,1
"2020",3,경기도,용인시기흥구,0,1,1,1,0,1
"2020",3,경기도,파주시,0,6,0,6,0,3
"2020",3,경기도,이천시,0,4,0,4,1,0
"2020",3,경기도,안성시,0,1,0,1,0,1
"2020",3,경기도,김포시,0,4,0,4,0,2
"2020",3,경기도,화성시,0,1,0,1,1,0
"2020",3,경기도,양주시,0,2,0,2,0,1
"2020",3,경기도,포천시,0,1,0,1,0,1
"2020",3,경기도,양평군,0,1,0,1,0,1
"2020",3,충청북도,청주시청원구,0,3,0,3,0,0
"2020",3,충청남도,천안시서북구,0,3,0,3,0,0
"2020",3,충청남도,당진시,0,2,0,2,1,0
"2020",3,전라남도,목포시,0,4,0,4,2,2
"2020",3,전라남도,여수시,0,1,0,1,1,0
"2020",3,전라남도,나주시,0,2,0,2,0,2
"2020",3,전라남도,광양시,0,1,0,1,1,0
"2020",3,전라남도,완도군,0,1,0,1,0,1
"2020",3,경상북도,포항시북구,0,1,0,1,0,1
"2020",3,경상북도,경주시,0,2,0,2,0,2
"2020",3,경상북도,김천시,0,1,0,1,0,1
"2020",3,경상북도,구미시,0,1,0,1,0,1
"2020",3,경상북도,영천시,0,3,0,3,2,1
"2020",3,경상북도,문경시,0,1,0,1,0,1
"2020",3,경상북도,칠곡군,0,1,0,1,1,0
"2020",3,경상남도,창원시마산회원구,0,2,0,2,0,2
"2020",3,경상남도,진주시,0,1,0,1,1,0
"2020",3,경상남도,김해시,0,1,0,1,0,0
"2020",3,경상남도,거제시,0,1,0,1,0,1
"2020",3,경상남도,양산시,0,2,0,2,0,2
"2020",3,제주특별자치도,제주시,0,2,0,2,1,1
"2020",3,강원특별자치도,춘천시,0,2,0,2,1,1
"2020",3,강원특별자치도,원주시,0,16,0,16,1,15
"2020",3,강원특별자치도,강릉시,0,1,0,1,0,1
"2020",3,강원특별자치도,삼척시,0,6,0,6,0,3
"2020",3,전북특별자치도,전주시덕진구,0,1,0,1,1,0
"2020",3,전북특별자치도,익산시,0,1,0,1,0,0
"2020",3,전북특별자치도,남원시,0,1,0,1,0,1
"2020",4,서울특별시,중구,2,2,0,2,1,1
"2020",4,서울특별시,용산구,1,1,1,1,0,1
"2020",4,서울특별시,동대문구,0,1,0,1,0,1
"2020",4,서울특별시,성북구,0,1,0,1,1,0
"2020",4,서울특별시,강북구,0,2,0,2,1,1
"2020",4,서울특별시,도봉구,0,1,0,1,0,1
"2020",4,서울특별시,노원구,0,2,0,2,1,0
"2020",4,서울특별시,서대문구,0,2,0,2,0,1
"2020",4,서울특별시,마포구,0,1,0,1,0,0
"2020",4,서울특별시,강서구,0,3,0,3,0,1
"2020",4,서울특별시,구로구,0,3,0,3,0,1
"2020",4,서울특별시,금천구,0,1,0,1,0,1
"2020",4,서울특별시,관악구,3,5,0,5,1,0
"2020",4,서울특별시,서초구,0,1,0,1,0,1
"2020",4,서울특별시,강남구,6,20,0,20,2,15
"2020",4,서울특별시,송파구,0,1,0,1,0,0
"2020",4,서울특별시,강동구,0,0,0,0,0,0
"2020",4,부산광역시,중구,0,2,0,2,0,2
"2020",4,부산광역시,사하구,0,2,0,2,0,0
"2020",4,부산광역시,금정구,0,1,0,1,0,1
"2020",4,부산광역시,강서구,0,2,0,2,0,1
"2020",4,부산광역시,연제구,0,2,0,2,0,2
"2020",4,부산광역시,사상구,0,2,0,2,0,1
"2020",4,부산광역시,기장군,0,2,0,2,0,0
"2020",4,대구광역시,서구,0,1,0,1,0,1
"2020",4,대구광역시,남구,0,5,0,5,0,0
"2020",4,대구광역시,북구,0,9,0,9,0,0
"2020",4,대구광역시,달성군,0,3,0,3,1,0
"2020",4,인천광역시,미추홀구,0,1,0,1,1,0
"2020",4,인천광역시,연수구,0,4,0,4,1,2
"2020",4,인천광역시,남동구,0,4,0,4,1,3
"2020",4,인천광역시,부평구,0,6,0,6,0,4
"2020",4,인천광역시,서구,0,10,0,10,3,3
"2020",4,광주광역시,동구,0,3,0,3,2,0
"2020",4,광주광역시,서구,0,7,0,7,1,6
"2020",4,광주광역시,남구,0,1,0,1,0,1
"2020",4,광주광역시,광산구,0,2,0,2,1,1
"2020",4,대전광역시,동구,4,3,0,3,1,0
"2020",4,대전광역시,서구,0,1,0,1,0,1
"2020",4,울산광역시,중구,0,1,0,1,0,1
"2020",4,울산광역시,울주군,0,1,0,1,0,0
"2020",4,경기도,수원시장안구,0,1,0,1,0,0
"2020",4,경기도,수원시팔달구,0,4,0,4,1,2
"2020",4,경기도,성남시수정구,0,1,0,1,0,0
"2020",4,경기도,성남시중원구,0,2,0,2,0,1
"2020",4,경기도,부천시,0,18,0,18,1,9
"2020",4,경기도,광명시,0,1,0,1,0,0
"2020",4,경기도,평택시,0,3,0,3,0,3
"2020",4,경기도,안산시단원구,1,1,0,1,0,1
"2020",4,경기도,고양시덕양구,0,1,0,1,0,1
"2020",4,경기도,고양시일산서구,0,1,0,1,0,0
"2020",4,경기도,남양주시,0,10,0,10,0,9
"2020",4,경기도,시흥시,0,2,0,2,0,2
"2020",4,경기도,의왕시,0,1,0,1,0,1
"2020",4,경기도,하남시,0,1,0,1,0,1
"2020",4,경기도,용인시처인구,0,4,0,4,0,1
"2020",4,경기도,파주시,0,5,0,5,3,2
"2020",4,경기도,이천시,0,5,0,5,1,1
"2020",4,경기도,광주시,0,1,0,1,0,1
"2020",4,경기도,양주시,0,2,0,2,0,2
"2020",4,경기도,여주시,0,1,0,1,0,0
"2020",4,경기도,가평군,0,3,0,3,0,3
"2020",4,경기도,양평군,0,2,0,2,0,2
"2020",4,충청북도,청주시상당구,0,1,0,1,0,1
"2020",4,충청북도,청주시서원구,0,1,0,1,0,0
"2020",4,충청남도,천안시동남구,0,1,0,1,0,0
"2020",4,충청남도,천안시서북구,0,6,0,6,0,0
"2020",4,충청남도,서산시,0,2,0,2,0,1
"2020",4,충청남도,당진시,0,1,0,1,0,0
"2020",4,충청남도,예산군,0,2,0,2,0,1
"2020",4,충청남도,태안군,0,1,0,1,0,1
"2020",4,전라남도,영암군,0,1,0,1,0,1
"2020",4,전라남도,영광군,0,1,0,1,0,1
"2020",4,전라남도,신안군,0,1,0,1,0,1
"2020",4,경상북도,포항시북구,0,2,0,2,2,0
"2020",4,경상북도,구미시,0,13,0,13,0,2
"2020",4,경상북도,영천시,0,1,0,1,1,0
"2020",4,경상북도,상주시,0,1,0,1,1,0
"2020",4,경상북도,칠곡군,0,1,1,1,0,1
"2020",4,경상남도,창원시마산합포구,0,1,0,1,0,1
"2020",4,경상남도,진주시,0,1,0,1,0,0
"2020",4,경상남도,사천시,0,2,0,2,0,0
"2020",4,경상남도,김해시,0,2,0,2,1,1
"2020",4,경상남도,밀양시,0,1,0,1,1,0
"2020",4,경상남도,양산시,0,3,0,3,1,2
"2020",4,경상남도,창녕군,0,1,0,1,0,1
"2020",4,제주특별자치도,제주시,0,2,0,2,1,1
"2020",4,제주특별자치도,서귀포시,0,2,0,2,0,0
"2020",4,전북특별자치도,전주시완산구,0,1,0,1,1,0
"2020",4,전북특별자치도,전주시덕진구,0,1,0,1,0,1
"2021",1,서울특별시,종로구,0,1,0,1,1,0
"2021",1,서울특별시,용산구,0,2,0,2,0,0
"2021",1,서울특별시,성동구,0,2,0,2,0,0
"2021",1,서울특별시,광진구,0,1,0,1,0,0
"2021",1,서울특별시,동대문구,0,3,0,3,0,3
"2021",1,서울특별시,강북구,0,7,0,7,1,4
"2021",1,서울특별시,노원구,0,1,0,1,0,0
"2021",1,서울특별시,은평구,0,4,0,4,0,1
"2021",1,서울특별시,서대문구,0,2,0,2,0,2
"2021",1,서울특별시,마포구,1,1,0,1,0,0
"2021",1,서울특별시,강서구,0,9,0,9,1,1
"2021",1,서울특별시,관악구,4,4,0,4,0,1
"2021",1,서울특별시,서초구,0,2,0,2,0,1
"2021",1,서울특별시,강남구,9,41,0,41,2,12
"2021",1,서울특별시,강동구,0,4,0,4,0,2
"2021",1,부산광역시,서구,0,2,0,2,0,0
"2021",1,부산광역시,남구,1,1,1,1,0,1
"2021",1,부산광역시,북구,0,2,0,2,0,0
"2021",1,부산광역시,해운대구,0,2,0,2,0,1
"2021",1,부산광역시,강서구,0,4,0,4,0,0
"2021",1,부산광역시,연제구,0,1,0,1,0,0
"2021",1,부산광역시,수영구,0,2,0,2,0,0
"2021",1,부산광역시,사상구,0,2,0,2,0,0
"2021",1,대구광역시,서구,0,1,0,1,0,1
"2021",1,대구광역시,남구,0,5,0,5,0,1
"2021",1,대구광역시,북구,0,1,0,1,0,1
"2021",1,대구광역시,달서구,0,4,0,4,0,0
"2021",1,대구광역시,달성군,0,3,0,3,0,1
"2021",1,인천광역시,중구,0,2,0,2,0,2
"2021",1,인천광역시,미추홀구,0,4,0,4,2,0
"2021",1,인천광역시,부평구,0,6,0,6,0,4
"2021",1,인천광역시,계양구,0,4,0,4,0,0
"2021",1,인천광역시,서구,0,9,0,9,0,0
"2021",1,광주광역시,서구,0,36,0,36,3,21
"2021",1,광주광역시,광산구,0,2,0,2,1,1
"2021",1,대전광역시,동구,0,1,0,1,0,0
"2021",1,대전광역시,서구,0,2,0,2,0,1
"2021",1,대전광역시,유성구,0,1,1,1,1,0
"2021",1,대전광역시,대덕구,0,1,0,1,1,0
"2021",1,울산광역시,남구,0,1,0,1,1,0
"2021",1,울산광역시,동구,0,9,0,9,0,0
"2021",1,울산광역시,북구,0,1,0,1,1,0
"2021",1,울산광역시,울주군,0,12,0,12,0,0
"2021",1,세종특별자치시,세종시,0,3,0,3,0,1
"2021",1,경기도,수원시권선구,0,1,0,1,0,0
"2021",1,경기도,수원시팔달구,0,5,0,5,0,1
"2021",1,경기도,수원시영통구,0,2,0,2,0,0
"2021",1,경기도,성남시분당구,0,4,0,4,0,0
"2021",1,경기도,의정부시,0,9,0,9,1,0
"2021",1,경기도,안양시만안구,0,2,0,2,0,0
"2021",1,경기도,부천시,0,12,0,12,1,1
"2021",1,경기도,평택시,0,1,0,1,1,0
"2021",1,경기도,안산시단원구,0,4,0,4,0,4
"2021",1,경기도,고양시덕양구,0,1,0,1,0,1
"2021",1,경기도,남양주시,0,8,0,8,0,5
"2021",1,경기도,오산시,0,2,0,2,1,1
"2021",1,경기도,시흥시,0,1,0,1,0,0
"2021",1,경기도,군포시,0,1,0,1,0,0
"2021",1,경기도,의왕시,0,2,0,2,0,1
"2021",1,경기도,하남시,0,2,0,2,0,1
"2021",1,경기도,이천시,0,1,0,1,1,0
"2021",1,경기도,안성시,0,1,0,1,0,0
"2021",1,경기도,화성시,0,1,0,1,0,0
"2021",1,경기도,광주시,0,2,0,2,0,0
"2021",1,경기도,양주시,0,1,0,1,0,1
"2021",1,경기도,가평군,0,2,0,2,0,0
"2021",1,경기도,양평군,0,3,0,3,0,1
"2021",1,충청북도,청주시청원구,0,1,0,1,0,0
"2021",1,충청남도,천안시동남구,0,10,0,10,0,0
"2021",1,충청남도,천안시서북구,0,4,0,4,1,1
"2021",1,충청남도,아산시,0,1,0,1,0,0
"2021",1,충청남도,서산시,0,4,0,4,0,3
"2021",1,충청남도,서천군,0,1,0,1,0,1
"2021",1,전라남도,순천시,0,3,0,3,0,3
"2021",1,전라남도,나주시,0,1,0,1,0,1
"2021",1,경상북도,구미시,0,5,0,5,2,0
"2021",1,경상북도,영덕군,0,1,0,1,0,1
"2021",1,경상남도,창원시성산구,0,1,0,1,1,0
"2021",1,경상남도,창원시마산회원구,0,1,0,1,0,1
"2021",1,경상남도,창원시진해구,0,1,0,1,0,1
"2021",1,경상남도,진주시,0,1,0,1,0,1
"2021",1,경상남도,김해시,0,1,0,1,0,1
"2021",1,강원특별자치도,춘천시,0,4,0,4,1,3
"2021",1,강원특별자치도,원주시,0,1,0,1,0,1
"2021",1,강원특별자치도,태백시,0,1,0,1,0,1
"2021",1,강원특별자치도,횡성군,0,1,0,1,0,0
"2021",1,전북특별자치도,군산시,0,2,0,2,1,0
"2021",2,서울특별시,성동구,1,3,0,3,0,1
"2021",2,서울특별시,광진구,0,3,2,3,1,2
"2021",2,서울특별시,동대문구,0,3,0,3,0,2
"2021",2,서울특별시,강북구,0,10,0,10,1,2
"2021",2,서울특별시,노원구,0,1,0,1,0,1
"2021",2,서울특별시,은평구,0,1,0,1,1,0
"2021",2,서울특별시,서대문구,0,1,0,1,1,0
"2021",2,서울특별시,강서구,0,8,0,8,0,2
"2021",2,서울특별시,동작구,0,1,0,1,1,0
"2021",2,서울특별시,관악구,2,5,0,5,0,0
"2021",2,서울특별시,서초구,0,1,0,1,0,1
"2021",2,서울특별시,강남구,2,9,0,9,0,8
"2021",2,서울특별시,송파구,0,7,0,7,0,5
"2021",2,부산광역시,북구,0,2,0,2,0,1
"2021",2,부산광역시,해운대구,0,1,0,1,0,0
"2021",2,부산광역시,사하구,0,1,0,1,0,0
"2021",2,부산광역시,연제구,0,6,0,6,0,0
"2021",2,부산광역시,수영구,0,2,0,2,0,0
"2021",2,부산광역시,사상구,0,1,0,1,1,0
"2021",2,대구광역시,동구,0,1,0,1,1,0
"2021",2,대구광역시,남구,0,2,0,2,1,0
"2021",2,대구광역시,북구,0,7,0,7,0,2
"2021",2,대구광역시,수성구,0,3,0,3,1,1
"2021",2,대구광역시,달서구,0,3,0,3,0,0
"2021",2,대구광역시,달성군,0,1,0,1,0,0
"2021",2,인천광역시,중구,0,1,0,1,0,1
"2021",2,인천광역시,남동구,0,2,0,2,1,1
"2021",2,인천광역시,부평구,0,3,0,3,0,1
"2021",2,인천광역시,서구,0,4,0,4,0,2
"2021",2,광주광역시,동구,0,4,0,4,1,2
"2021",2,광주광역시,서구,0,14,0,14,2,8
"2021",2,광주광역시,남구,0,2,0,2,0,0
"2021",2,광주광역시,광산구,0,4,0,4,0,3
"2021",2,대전광역시,동구,0,4,0,4,1,1
"2021",2,대전광역시,서구,0,2,0,2,0,0
"2021",2,대전광역시,유성구,0,3,0,3,1,1
"2021",2,울산광역시,중구,0,2,0,2,0,0
"2021",2,울산광역시,남구,0,1,0,1,1,0
"2021",2,울산광역시,울주군,0,3,0,3,0,2
"2021",2,세종특별자치시,세종시,0,3,0,3,1,0
"2021",2,경기도,수원시장안구,0,1,0,1,0,1
"2021",2,경기도,수원시권선구,0,2,0,2,1,0
"2021",2,경기도,수원시팔달구,0,1,0,1,0,0
"2021",2,경기도,성남시수정구,0,2,0,2,0,1
"2021",2,경기도,의정부시,0,3,0,3,0,1
"2021",2,경기도,안양시동안구,0,2,0,2,0,1
"2021",2,경기도,부천시,0,2,0,2,0,0
"2021",2,경기도,광명시,0,1,0,1,0,1
"2021",2,경기도,평택시,0,2,0,2,0,2
"2021",2,경기도,안산시상록구,0,1,0,1,0,0
"2021",2,경기도,고양시덕양구,0,2,0,2,1,0
"2021",2,경기도,고양시일산서구,0,1,0,1,0,0
"2021",2,경기도,구리시,0,1,0,1,0,0
"2021",2,경기도,남양주시,0,5,0,5,0,1
"2021",2,경기도,오산시,0,1,0,1,0,1
"2021",2,경기도,군포시,0,1,0,1,0,0
"2021",2,경기도,의왕시,0,1,0,1,0,0
"2021",2,경기도,파주시,0,5,0,5,1,1
"2021",2,경기도,이천시,0,2,0,2,0,0
"2021",2,경기도,김포시,0,4,0,4,2,2
"2021",2,경기도,화성시,0,5,0,5,1,4
"2021",2,경기도,광주시,0,1,0,1,0,0
"2021",2,경기도,양주시,0,2,0,2,0,1
"2021",2,경기도,포천시,0,1,0,1,0,1
"2021",2,충청북도,청주시상당구,0,1,0,1,0,0
"2021",2,충청북도,청주시서원구,0,3,0,3,1,2
"2021",2,충청북도,청주시흥덕구,0,2,0,2,0,1
"2021",2,충청남도,천안시서북구,0,2,0,2,0,0
"2021",2,충청남도,서산시,0,1,0,1,0,0
"2021",2,충청남도,서천군,0,1,0,1,0,0
"2021",2,전라남도,여수시,0,1,0,1,1,0
"2021",2,경상북도,포항시남구,0,1,0,1,0,0
"2021",2,경상북도,포항시북구,0,1,0,1,0,1
"2021",2,경상북도,구미시,0,43,0,43,1,19
"2021",2,경상북도,영주시,0,1,0,1,0,1
"2021",2,경상북도,영천시,0,1,0,1,0,0
"2021",2,경상북도,경산시,0,1,0,1,0,1
"2021",2,경상북도,청도군,0,1,0,1,1,0
"2021",2,경상남도,창원시성산구,0,1,0,1,0,0
"2021",2,경상남도,사천시,0,3,0,3,0,0
"2021",2,경상남도,김해시,0,1,0,1,0,1
"2021",2,경상남도,하동군,0,2,0,2,0,1
"2021",2,제주특별자치도,서귀포시,0,1,0,1,0,0
"2021",2,강원특별자치도,춘천시,0,1,0,1,1,0
"2021",2,강원특별자치도,원주시,0,1,0,1,1,0
"2021",2,강원특별자치도,속초시,0,1,0,1,0,1
"2021",2,전북특별자치도,전주시덕진구,0,1,0,1,0,0
"2021",2,전북특별자치도,정읍시,0,1,0,1,0,1
"2021",2,전북특별자치도,완주군,0,1,0,1,0,1
"2021",3,서울특별시,종로구,0,2,0,2,0,0
"2021",3,서울특별시,중구,1,1,0,1,0,0
"2021",3,서울특별시,용산구,0,6,0,6,0,3
"2021",3,서울특별시,성동구,2,2,0,2,0,1
"2021",3,서울특별시,광진구,0,1,0,1,0,1
"2021",3,서울특별시,중랑구,0,1,0,1,0,1
"2021",3,서울특별시,도봉구,0,2,0,2,0,0
"2021",3,서울특별시,노원구,0,2,0,2,0,2
"2021",3,서울특별시,양천구,0,1,0,1,1,0
"2021",3,서울특별시,강서구,0,3,0,3,0,1
"2021",3,서울특별시,금천구,0,3,0,3,1,0
"2021",3,서울특별시,영등포구,0,1,0,1,0,0
"2021",3,서울특별시,동작구,0,1,0,1,0,0
"2021",3,서울특별시,관악구,0,1,0,1,0,0
"2021",3,서울특별시,강남구,3,10,0,10,1,9
"2021",3,서울특별시,송파구,0,2,0,2,0,0
"2021",3,서울특별시,강동구,0,2,0,2,0,1
"2021",3,부산광역시,서구,0,1,0,1,0,1
"2021",3,부산광역시,부산진구,0,1,0,1,1,0
"2021",3,부산광역시,남구,0,3,0,3,1,0
"2021",3,부산광역시,북구,0,1,0,1,0,1
"2021",3,부산광역시,해운대구,0,2,0,2,0,1
"2021",3,부산광역시,강서구,0,2,0,2,0,0
"2021",3,부산광역시,연제구,0,2,0,2,0,1
"2021",3,부산광역시,수영구,0,5,0,5,0,3
"2021",3,부산광역시,기장군,0,1,0,1,0,1
"2021",3,대구광역시,서구,0,1,0,1,0,1
"2021",3,대구광역시,북구,0,2,0,2,0,0
"2021",3,대구광역시,수성구,0,20,0,20,0,1
"2021",3,대구광역시,달서구,0,10,0,10,0,0
"2021",3,인천광역시,중구,0,1,0,1,0,1
"2021",3,인천광역시,남동구,0,3,0,3,0,3
"2021",3,인천광역시,부평구,0,4,0,4,0,1
"2021",3,인천광역시,서구,0,10,0,10,1,1
"2021",3,광주광역시,서구,0,13,0,13,1,5
"2021",3,광주광역시,남구,0,1,0,1,0,1
"2021",3,광주광역시,북구,0,1,0,1,0,1
"2021",3,광주광역시,광산구,0,3,0,3,0,2
"2021",3,대전광역시,동구,0,6,0,6,0,0
"2021",3,대전광역시,유성구,0,1,0,1,0,1
"2021",3,대전광역시,대덕구,0,3,0,3,0,1
"2021",3,울산광역시,남구,0,1,0,1,0,0
"2021",3,울산광역시,동구,0,1,0,1,0,0
"2021",3,울산광역시,북구,0,1,0,1,0,1
"2021",3,세종특별자치시,세종시,0,2,0,2,0,0
"2021",3,경기도,수원시장안구,0,1,0,1,0,1
"2021",3,경기도,수원시권선구,0,3,0,3,0,2
"2021",3,경기도,수원시팔달구,0,2,0,2,2,0
"2021",3,경기도,수원시영통구,0,1,0,1,1,0
"2021",3,경기도,성남시중원구,0,1,0,1,0,1
"2021",3,경기도,의정부시,0,9,0,9,0,1
"2021",3,경기도,안양시동안구,0,2,0,2,0,2
"2021",3,경기도,부천시,0,13,0,13,0,1
"2021",3,경기도,평택시,0,6,0,6,0,1
"2021",3,경기도,안산시단원구,0,3,0,3,2,1
"2021",3,경기도,고양시일산동구,0,3,0,3,0,1
"2021",3,경기도,과천시,0,1,0,1,0,1
"2021",3,경기도,남양주시,0,10,0,10,0,2
"2021",3,경기도,오산시,0,1,0,1,0,0
"2021",3,경기도,시흥시,0,1,0,1,0,1
"2021",3,경기도,군포시,0,1,0,1,0,0
"2021",3,경기도,의왕시,0,1,0,1,0,1
"2021",3,경기도,하남시,0,4,0,4,0,1
"2021",3,경기도,용인시기흥구,0,1,0,1,0,1
"2021",3,경기도,파주시,0,2,0,2,0,2
"2021",3,경기도,이천시,0,3,0,3,0,1
"2021",3,경기도,안성시,0,2,0,2,0,2
"2021",3,경기도,김포시,0,11,0,11,0,10
"2021",3,경기도,광주시,0,1,0,1,0,0
"2021",3,경기도,양주시,0,1,0,1,0,0
"2021",3,경기도,양평군,0,1,0,1,0,1
"2021",3,충청북도,청주시상당구,0,4,0,4,1,0
"2021",3,충청북도,청주시서원구,0,2,0,2,1,0
"2021",3,충청북도,보은군,0,1,0,1,1,0
"2021",3,충청북도,옥천군,0,1,0,1,1,0
"2021",3,충청북도,진천군,0,1,0,1,0,1
"2021",3,충청남도,천안시동남구,0,1,0,1,0,0
"2021",3,충청남도,천안시서북구,0,10,0,10,0,1
"2021",3,충청남도,공주시,0,1,0,1,1,0
"2021",3,충청남도,아산시,0,5,0,5,1,3
"2021",3,충청남도,서천군,0,1,0,1,0,1
"2021",3,전라남도,여수시,0,1,0,1,0,0
"2021",3,전라남도,나주시,0,2,0,2,1,1
"2021",3,경상북도,포항시남구,0,1,0,1,1,0
"2021",3,경상북도,포항시북구,0,1,0,1,0,1
"2021",3,경상북도,구미시,0,29,0,29,0,3
"2021",3,경상북도,문경시,1,1,0,1,1,0
"2021",3,경상북도,경산시,0,3,0,3,0,1
"2021",3,경상북도,성주군,0,1,0,1,0,1
"2021",3,경상남도,창원시성산구,0,3,0,3,1,0
"2021",3,경상남도,창원시진해구,0,1,0,1,1,0
"2021",3,경상남도,진주시,0,2,0,2,2,0
"2021",3,경상남도,사천시,0,1,0,1,1,0
"2021",3,경상남도,김해시,0,2,0,2,0,2
"2021",3,경상남도,양산시,0,5,0,5,0,1
"2021",3,경상남도,하동군,0,1,0,1,0,1
"2021",3,제주특별자치도,제주시,0,7,0,7,0,0
"2021",3,제주특별자치도,서귀포시,0,1,0,1,0,0
"2021",3,강원특별자치도,원주시,0,2,0,2,0,2
"2021",3,전북특별자치도,전주시덕진구,0,7,0,7,4,0
"2021",3,전북특별자치도,남원시,0,1,0,1,0,1
"2021",3,전북특별자치도,김제시,0,1,0,1,1,0
"2021",3,전북특별자치도,완주군,0,1,0,1,0,0
"2021",4,서울특별시,종로구,0,1,0,1,1,0
"2021",4,서울특별시,용산구,0,2,0,2,0,2
"2021",4,서울특별시,성동구,1,5,0,5,0,1
"2021",4,서울특별시,동대문구,0,2,0,2,1,0
"2021",4,서울특별시,강북구,0,1,0,1,0,0
"2021",4,서울특별시,도봉구,0,1,0,1,0,0
"2021",4,서울특별시,노원구,0,1,0,1,0,0
"2021",4,서울특별시,은평구,0,3,0,3,3,0
"2021",4,서울특별시,서대문구,0,2,0,2,1,0
"2021",4,서울특별시,마포구,0,1,0,1,0,1
"2021",4,서울특별시,양천구,0,2,0,2,2,0
"2021",4,서울특별시,강서구,1,8,0,8,0,1
"2021",4,서울특별시,구로구,15,15,0,15,0,1
"2021",4,서울특별시,관악구,0,13,0,13,2,0
"2021",4,서울특별시,서초구,0,2,0,2,2,0
"2021",4,서울특별시,강남구,3,10,0,10,2,8
"2021",4,서울특별시,송파구,0,6,0,6,0,3
"2021",4,서울특별시,강동구,0,1,0,1,0,0
"2021",4,부산광역시,중구,0,3,0,3,0,1
"2021",4,부산광역시,서구,0,5,0,5,0,0
"2021",4,부산광역시,동구,0,3,0,3,0,1
"2021",4,부산광역시,부산진구,0,1,0,1,1,0
"2021",4,부산광역시,동래구,0,2,2,2,0,0
"2021",4,부산광역시,남구,0,7,0,7,0,0
"2021",4,부산광역시,해운대구,0,13,0,13,0,3
"2021",4,부산광역시,금정구,0,4,0,4,0,0
"2021",4,부산광역시,강서구,0,3,0,3,0,0
"2021",4,부산광역시,연제구,0,13,0,13,0,1
"2021",4,부산광역시,수영구,0,5,0,5,1,1
"2021",4,대구광역시,동구,0,3,0,3,1,1
"2021",4,대구광역시,서구,0,2,0,2,0,0
"2021",4,대구광역시,북구,0,8,0,8,1,0
"2021",4,대구광역시,수성구,0,5,0,5,0,0
"2021",4,대구광역시,달서구,0,5,0,5,0,1
"2021",4,대구광역시,달성군,0,1,0,1,0,0
"2021",4,인천광역시,중구,0,2,0,2,0,1
"2021",4,인천광역시,미추홀구,0,3,0,3,0,2
"2021",4,인천광역시,연수구,0,1,0,1,0,0
"2021",4,인천광역시,남동구,0,2,0,2,0,1
"2021",4,인천광역시,서구,0,4,0,4,0,2
"2021",4,광주광역시,동구,0,1,0,1,0,1
"2021",4,광주광역시,서구,0,16,0,16,2,10
"2021",4,광주광역시,북구,0,1,0,1,0,1
"2021",4,광주광역시,광산구,0,4,0,4,0,4
"2021",4,대전광역시,동구,0,3,0,3,0,1
"2021",4,대전광역시,중구,0,1,0,1,0,0
"2021",4,대전광역시,유성구,0,9,0,9,0,1
"2021",4,대전광역시,대덕구,0,3,0,3,0,0
"2021",4,울산광역시,중구,0,2,0,2,1,0
"2021",4,울산광역시,동구,0,1,0,1,1,0
"2021",4,울산광역시,북구,0,5,0,5,1,1
"2021",4,울산광역시,울주군,0,2,0,2,0,2
"2021",4,세종특별자치시,세종시,0,1,0,1,0,1
"2021",4,경기도,수원시권선구,0,2,0,2,1,0
"2021",4,경기도,수원시팔달구,0,2,0,2,0,1
"2021",4,경기도,성남시수정구,0,1,0,1,0,0
"2021",4,경기도,성남시중원구,0,4,0,4,2,1
"2021",4,경기도,성남시분당구,0,6,0,6,0,2
"2021",4,경기도,의정부시,1,1,0,1,0,1
"2021",4,경기도,안양시만안구,0,2,0,2,1,0
"2021",4,경기도,부천시,0,9,0,9,0,1
"2021",4,경기도,평택시,0,1,0,1,0,1
"2021",4,경기도,안산시상록구,0,2,0,2,1,1
"2021",4,경기도,안산시단원구,0,5,0,5,1,4
"2021",4,경기도,고양시덕양구,0,1,0,1,0,0
"2021",4,경기도,고양시일산동구,0,7,0,7,0,0
"2021",4,경기도,고양시일산서구,0,1,0,1,0,0
"2021",4,경기도,과천시,0,1,0,1,0,1
"2021",4,경기도,구리시,0,1,0,1,1,0
"2021",4,경기도,남양주시,0,7,0,7,1,1
"2021",4,경기도,용인시기흥구,0,2,0,2,2,0
"2021",4,경기도,이천시,0,1,0,1,0,1
"2021",4,경기도,김포시,0,12,0,12,1,6
"2021",4,경기도,화성시,0,10,0,10,0,7
"2021",4,경기도,광주시,0,1,0,1,0,0
"2021",4,경기도,양주시,0,2,0,2,1,1
"2021",4,경기도,연천군,0,2,0,2,0,2
"2021",4,경기도,가평군,0,1,0,1,0,1
"2021",4,충청북도,청주시상당구,0,1,0,1,0,0
"2021",4,충청북도,진천군,0,1,0,1,0,0
"2021",4,충청남도,천안시서북구,0,9,0,9,0,2
"2021",4,충청남도,논산시,0,1,0,1,0,1
"2021",4,전라남도,목포시,0,1,0,1,1,0
"2021",4,전라남도,여수시,0,2,0,2,0,1
"2021",4,전라남도,나주시,0,1,0,1,0,1
"2021",4,전라남도,광양시,0,2,0,2,0,2
"2021",4,전라남도,신안군,0,1,0,1,1,0
"2021",4,경상북도,포항시남구,0,1,0,1,0,0
"2021",4,경상북도,포항시북구,0,12,0,12,0,0
"2021",4,경상북도,경주시,0,2,0,2,0,1
"2021",4,경상북도,구미시,0,19,0,19,1,5
"2021",4,경상북도,영천시,0,2,0,2,1,0
"2021",4,경상북도,문경시,0,1,0,1,1,0
"2021",4,경상북도,경산시,0,1,0,1,0,0
"2021",4,경상북도,청도군,0,1,0,1,0,0
"2021",4,경상북도,성주군,0,1,0,1,0,0
"2021",4,경상북도,칠곡군,0,1,0,1,0,1
"2021",4,경상남도,창원시의창구,0,1,0,1,1,0
"2021",4,경상남도,창원시성산구,0,5,0,5,0,0
"2021",4,경상남도,창원시진해구,0,8,0,8,1,0
"2021",4,경상남도,진주시,0,1,0,1,1,0
"2021",4,경상남도,사천시,0,1,0,1,1,0
"2021",4,경상남도,김해시,0,3,0,3,1,2
"2021",4,경상남도,밀양시,0,3,0,3,0,0
"2021",4,경상남도,거제시,0,1,0,1,0,0
"2021",4,경상남도,양산시,0,4,0,4,0,2
"2021",4,제주특별자치도,제주시,0,15,0,15,0,0
"2021",4,강원특별자치도,원주시,0,7,0,7,0,0
"2021",4,강원특별자치도,강릉시,0,1,0,1,1,0
"2021",4,강원특별자치도,삼척시,0,1,0,1,0,0
"2021",4,전북특별자치도,전주시덕진구,0,2,0,2,0,0
"2021",4,전북특별자치도,완주군,0,1,0,1,1,0
"2022",1,서울특별시,중구,0,3,0,3,0,1
"2022",1,서울특별시,성동구,3,3,0,3,0,1
"2022",1,서울특별시,광진구,0,1,0,1,1,0
"2022",1,서울특별시,동대문구,0,2,0,2,0,2
"2022",1,서울특별시,중랑구,0,2,0,2,0,0
"2022",1,서울특별시,도봉구,0,1,0,1,0,0
"2022",1,서울특별시,은평구,0,2,0,2,2,0
"2022",1,서울특별시,서대문구,0,2,0,2,1,1
"2022",1,서울특별시,마포구,0,2,0,2,0,1
"2022",1,서울특별시,양천구,0,4,0,4,0,0
"2022",1,서울특별시,강서구,0,18,0,18,0,0
"2022",1,서울특별시,구로구,2,2,0,2,0,1
"2022",1,서울특별시,금천구,0,1,0,1,0,0
"2022",1,서울특별시,영등포구,0,2,0,2,1,1
"2022",1,서울특별시,동작구,0,4,0,4,0,0
"2022",1,서울특별시,관악구,0,1,0,1,0,0
"2022",1,서울특별시,서초구,0,1,0,1,0,1
"2022",1,서울특별시,강남구,5,10,0,10,1,4
"2022",1,서울특별시,송파구,0,4,0,4,0,0
"2022",1,부산광역시,중구,0,1,0,1,0,1
"2022",1,부산광역시,부산진구,0,2,0,2,0,0
"2022",1,부산광역시,동래구,0,2,0,2,0,0
"2022",1,부산광역시,남구,0,5,0,5,1,0
"2022",1,부산광역시,해운대구,0,7,0,7,0,1
"2022",1,부산광역시,사하구,0,1,0,1,0,0
"2022",1,부산광역시,금정구,0,5,0,5,0,1
"2022",1,부산광역시,연제구,0,15,0,15,0,1
"2022",1,부산광역시,수영구,0,10,0,10,0,1
"2022",1,대구광역시,동구,0,1,0,1,0,1
"2022",1,대구광역시,남구,0,3,0,3,0,0
"2022",1,대구광역시,북구,0,6,0,6,0,0
"2022",1,대구광역시,수성구,0,2,0,2,0,0
"2022",1,인천광역시,중구,0,1,0,1,0,1
"2022",1,인천광역시,미추홀구,0,5,0,5,0,2
"2022",1,인천광역시,남동구,0,1,0,1,0,1
"2022",1,인천광역시,부평구,0,3,0,3,0,2
"2022",1,인천광역시,서구,0,13,0,13,0,1
"2022",1,광주광역시,동구,0,1,0,1,1,0
"2022",1,광주광역시,서구,0,11,0,11,0,7
"2022",1,광주광역시,광산구,0,2,0,2,0,0
"2022",1,대전광역시,동구,0,8,0,8,0,2
"2022",1,대전광역시,중구,0,6,0,6,0,0
"2022",1,대전광역시,유성구,0,11,0,11,0,0
"2022",1,울산광역시,중구,0,5,0,5,1,1
"2022",1,울산광역시,남구,0,6,0,6,2,0
"2022",1,울산광역시,울주군,0,2,0,2,0,2
"2022",1,세종특별자치시,세종시,0,1,0,1,0,1
"2022",1,경기도,수원시권선구,0,2,0,2,1,0
"2022",1,경기도,수원시팔달구,0,2,0,2,0,0
"2022",1,경기도,수원시영통구,0,7,0,7,0,2
"2022",1,경기도,성남시수정구,0,1,0,1,0,0
"2022",1,경기도,성남시중원구,0,3,0,3,0,0
"2022",1,경기도,의정부시,0,4,0,4,1,0
"2022",1,경기도,안양시동안구,0,1,0,1,1,0
"2022",1,경기도,부천시,0,4,0,4,0,2
"2022",1,경기도,평택시,0,7,0,7,1,3
"2022",1,경기도,안산시단원구,0,2,0,2,2,0
"2022",1,경기도,고양시덕양구,0,2,0,2,0,1
"2022",1,경기도,고양시일산동구,0,1,0,1,0,1
"2022",1,경기도,고양시일산서구,0,3,0,3,0,0
"2022",1,경기도,남양주시,0,5,0,5,0,4
"2022",1,경기도,군포시,0,2,0,2,1,1
"2022",1,경기도,하남시,0,1,0,1,0,1
"2022",1,경기도,파주시,0,2,0,2,0,0
"2022",1,경기도,이천시,0,2,0,2,1,1
"2022",1,경기도,안성시,0,2,0,2,0,1
"2022",1,경기도,김포시,0,5,0,5,1,3
"2022",1,경기도,화성시,0,9,0,9,3,6
"2022",1,경기도,포천시,0,2,0,2,0,0
"2022",1,충청남도,계룡시,0,1,0,1,1,0
"2022",1,충청남도,예산군,0,1,0,1,0,1
"2022",1,전라남도,여수시,0,1,0,1,0,0
"2022",1,전라남도,나주시,0,1,0,1,1,0
"2022",1,전라남도,담양군,0,1,0,1,1,0
"2022",1,경상북도,포항시북구,0,12,0,12,0,2
"2022",1,경상북도,구미시,0,84,0,84,0,0
"2022",1,경상북도,영천시,0,1,0,1,0,1
"2022",1,경상북도,경산시,0,2,0,2,1,0
"2022",1,경상북도,청도군,0,1,0,1,0,0
"2022",1,경상북도,성주군,0,1,0,1,0,0
"2022",1,경상북도,예천군,0,1,0,1,1,0
"2022",1,경상남도,창원시성산구,0,2,0,2,0,1
"2022",1,경상남도,창원시진해구,0,1,0,1,0,0
"2022",1,경상남도,김해시,0,3,0,3,1,2
"2022",1,경상남도,거제시,0,1,0,1,0,1
"2022",1,제주특별자치도,제주시,0,11,0,11,0,0
"2022",1,강원특별자치도,원주시,0,4,0,4,1,1
"2022",1,강원특별자치도,평창군,0,1,0,1,1,0
"2022",1,전북특별자치도,전주시덕진구,0,5,0,5,0,0
"2022",1,전북특별자치도,군산시,0,1,0,1,1,0
"2022",1,전북특별자치도,익산시,0,2,0,2,0,2
"2022",1,전북특별자치도,김제시,0,1,0,1,0,1
"2022",2,서울특별시,종로구,0,1,0,1,1,0
"2022",2,서울특별시,중구,0,1,0,1,1,0
"2022",2,서울특별시,성동구,1,1,0,1,0,1
"2022",2,서울특별시,동대문구,0,6,0,6,1,1
"2022",2,서울특별시,성북구,0,2,0,2,0,0
"2022",2,서울특별시,강북구,0,1,0,1,0,1
"2022",2,서울특별시,서대문구,0,1,0,1,1,0
"2022",2,서울특별시,마포구,0,1,0,1,1,0
"2022",2,서울특별시,양천구,0,5,0,5,0,4
"2022",2,서울특별시,강서구,0,13,0,13,0,2
"2022",2,서울특별시,구로구,1,1,0,1,0,0
"2022",2,서울특별시,영등포구,0,5,0,5,1,0
"2022",2,서울특별시,동작구,0,1,0,1,1,0
"2022",2,서울특별시,관악구,0,4,0,4,0,0
"2022",2,서울특별시,서초구,0,1,0,1,0,1
"2022",2,서울특별시,강남구,4,14,0,14,3,6
"2022",2,서울특별시,송파구,0,1,0,1,0,0
"2022",2,서울특별시,강동구,2,2,0,2,0,1
"2022",2,부산광역시,동구,0,1,0,1,0,0
"2022",2,부산광역시,부산진구,0,11,0,11,0,1
"2022",2,부산광역시,동래구,0,5,0,5,0,0
"2022",2,부산광역시,남구,0,2,0,2,1,0
"2022",2,부산광역시,해운대구,0,23,0,23,0,0
"2022",2,부산광역시,사하구,0,4,0,4,0,0
"2022",2,부산광역시,금정구,0,1,0,1,0,0
"2022",2,부산광역시,강서구,0,3,0,3,0,2
"2022",2,부산광역시,연제구,0,5,0,5,0,0
"2022",2,부산광역시,수영구,0,6,0,6,0,1
"2022",2,부산광역시,사상구,0,2,0,2,1,0
"2022",2,대구광역시,북구,0,4,0,4,1,0
"2022",2,대구광역시,수성구,0,5,0,5,0,2
"2022",2,대구광역시,달서구,0,5,0,5,0,0
"2022",2,인천광역시,미추홀구,0,2,0,2,1,0
"2022",2,인천광역시,연수구,0,1,0,1,0,0
"2022",2,인천광역시,남동구,0,9,0,9,0,0
"2022",2,인천광역시,부평구,0,3,0,3,0,0
"2022",2,인천광역시,서구,0,19,0,19,0,3
"2022",2,인천광역시,강화군,0,1,0,1,1,0
"2022",2,광주광역시,동구,0,1,0,1,0,1
"2022",2,광주광역시,서구,0,19,0,19,1,6
"2022",2,광주광역시,광산구,0,1,0,1,1,0
"2022",2,대전광역시,동구,0,7,0,7,1,2
"2022",2,대전광역시,서구,0,14,0,14,1,0
"2022",2,대전광역시,유성구,0,6,0,6,2,0
"2022",2,대전광역시,대덕구,0,1,0,1,1,0
"2022",2,울산광역시,중구,0,2,0,2,0,0
"2022",2,울산광역시,남구,0,1,0,1,1,0
"2022",2,울산광역시,동구,0,1,0,1,0,0
"2022",2,울산광역시,울주군,0,2,0,2,0,0
"2022",2,경기도,수원시장안구,0,1,0,1,0,0
"2022",2,경기도,수원시권선구,0,1,0,1,1,0
"2022",2,경기도,수원시팔달구,0,3,0,3,2,0
"2022",2,경기도,수원시영통구,0,3,0,3,1,0
"2022",2,경기도,성남시수정구,0,6,0,6,0,5
"2022",2,경기도,성남시중원구,0,1,0,1,1,0
"2022",2,경기도,성남시분당구,0,14,0,14,1,0
"2022",2,경기도,의정부시,0,3,0,3,0,0
"2022",2,경기도,안양시동안구,0,2,0,2,0,0
"2022",2,경기도,부천시,0,7,0,7,0,2
"2022",2,경기도,광명시,0,1,0,1,1,0
"2022",2,경기도,평택시,0,9,0,9,0,4
"2022",2,경기도,안산시상록구,0,2,0,2,1,0
"2022",2,경기도,고양시일산동구,0,1,1,1,0,0
"2022",2,경기도,고양시일산서구,0,2,0,2,0,0
"2022",2,경기도,구리시,0,1,0,1,0,0
"2022",2,경기도,남양주시,0,2,0,2,0,1
"2022",2,경기도,시흥시,5,4,0,4,0,1
"2022",2,경기도,군포시,0,1,0,1,1,0
"2022",2,경기도,파주시,0,1,0,1,0,0
"2022",2,경기도,안성시,0,1,0,1,0,0
"2022",2,경기도,김포시,0,38,0,38,4,15
"2022",2,경기도,화성시,0,13,0,13,0,10
"2022",2,경기도,광주시,0,1,0,1,1,0
"2022",2,경기도,양주시,0,1,0,1,1,0
"2022",2,경기도,포천시,0,1,0,1,0,0
"2022",2,경기도,양평군,0,6,0,6,0,0
"2022",2,충청북도,청주시상당구,0,1,0,1,1,0
"2022",2,충청북도,청주시서원구,0,2,0,2,0,1
"2022",2,충청북도,청주시청원구,0,2,0,2,0,0
"2022",2,충청북도,충주시,0,3,0,3,0,0
"2022",2,충청북도,제천시,0,1,0,1,1,0
"2022",2,충청남도,천안시동남구,0,1,0,1,0,0
"2022",2,충청남도,천안시서북구,0,1,0,1,0,0
"2022",2,충청남도,공주시,0,1,0,1,0,1
"2022",2,충청남도,홍성군,0,2,0,2,0,0
"2022",2,전라남도,여수시,0,2,0,2,1,0
"2022",2,전라남도,화순군,0,1,0,1,1,0
"2022",2,전라남도,해남군,0,1,0,1,0,0
"2022",2,전라남도,영암군,0,1,0,1,1,0
"2022",2,경상북도,포항시남구,0,1,0,1,0,1
"2022",2,경상북도,포항시북구,0,17,0,17,1,2
"2022",2,경상북도,경주시,0,1,0,1,0,1
"2022",2,경상북도,구미시,0,85,0,85,1,3
"2022",2,경상북도,영천시,0,1,0,1,0,0
"2022",2,경상북도,경산시,0,1,0,1,0,1
"2022",2,경상북도,청도군,0,1,0,1,1,0
"2022",2,경상남도,창원시의창구,0,9,0,9,0,0
"2022",2,경상남도,창원시마산합포구,0,1,0,1,0,0
"2022",2,경상남도,창원시진해구,0,2,0,2,0,0
"2022",2,경상남도,진주시,0,2,0,2,1,0
"2022",2,경상남도,통영시,0,1,0,1,1,0
"2022",2,경상남도,사천시,0,1,0,1,0,1
"2022",2,경상남도,김해시,0,5,0,5,0,2
"2022",2,경상남도,함안군,0,1,0,1,0,1
"2022",2,제주특별자치도,제주시,0,13,0,13,0,8
"2022",2,강원특별자치도,원주시,0,2,0,2,0,2
"2022",2,전북특별자치도,전주시완산구,0,1,0,1,1,0
"2022",2,전북특별자치도,전주시덕진구,0,3,0,3,2,0
"2022",2,전북특별자치도,완주군,0,1,0,1,0,0
"2022",3,서울특별시,종로구,0,1,0,1,0,0
"2022",3,서울특별시,성동구,5,6,0,6,0,4
"2022",3,서울특별시,광진구,0,1,0,1,0,1
"2022",3,서울특별시,동대문구,0,5,0,5,1,0
"2022",3,서울특별시,성북구,0,2,0,2,0,0
"2022",3,서울특별시,강북구,0,1,0,1,0,0
"2022",3,서울특별시,노원구,0,1,0,1,0,1
"2022",3,서울특별시,은평구,0,1,0,1,0,1
"2022",3,서울특별시,서대문구,0,3,0,3,2,0
"2022",3,서울특별시,마포구,0,1,0,1,0,1
"2022",3,서울특별시,양천구,0,14,0,14,1,1
"2022",3,서울특별시,강서구,0,23,0,23,2,2
"2022",3,서울특별시,구로구,0,2,0,2,0,1
"2022",3,서울특별시,금천구,2,2,0,2,0,0
"2022",3,서울특별시,영등포구,0,4,0,4,0,0
"2022",3,서울특별시,관악구,0,4,0,4,0,1
"2022",3,서울특별시,서초구,0,2,0,2,0,2
"2022",3,서울특별시,강남구,1,8,0,8,0,6
"2022",3,서울특별시,강동구,0,2,0,2,0,2
"2022",3,부산광역시,서구,0,1,0,1,0,1
"2022",3,부산광역시,동래구,0,4,0,4,1,0
"2022",3,부산광역시,해운대구,0,7,0,7,0,1
"2022",3,부산광역시,금정구,0,5,0,5,0,0
"2022",3,부산광역시,강서구,0,1,0,1,1,0
"2022",3,부산광역시,연제구,0,11,0,11,0,0
"2022",3,부산광역시,수영구,0,4,0,4,2,1
"2022",3,대구광역시,중구,0,1,0,1,0,1
"2022",3,대구광역시,동구,0,2,0,2,1,1
"2022",3,대구광역시,서구,0,15,0,15,0,3
"2022",3,대구광역시,남구,0,7,0,7,0,0
"2022",3,대구광역시,북구,0,9,0,9,0,0
"2022",3,대구광역시,수성구,0,14,0,14,0,0
"2022",3,대구광역시,달서구,0,8,0,8,1,0
"2022",3,대구광역시,달성군,0,1,0,1,0,1
"2022",3,인천광역시,중구,0,1,0,1,0,0
"2022",3,인천광역시,동구,0,1,0,1,1,0
"2022",3,인천광역시,미추홀구,0,8,0,8,0,0
"2022",3,인천광역시,연수구,0,1,0,1,0,0
"2022",3,인천광역시,남동구,0,15,0,15,0,1
"2022",3,인천광역시,부평구,0,7,0,7,0,0
"2022",3,인천광역시,계양구,0,1,0,1,0,0
"2022",3,인천광역시,서구,0,10,0,10,0,0
"2022",3,인천광역시,강화군,0,1,0,1,0,1
"2022",3,광주광역시,동구,0,1,0,1,1,0
"2022",3,광주광역시,서구,0,12,0,12,0,6
"2022",3,대전광역시,동구,0,1,0,1,0,1
"2022",3,대전광역시,중구,0,2,0,2,1,0
"2022",3,대전광역시,서구,0,2,0,2,2,0
"2022",3,대전광역시,유성구,0,1,0,1,1,0
"2022",3,대전광역시,대덕구,0,1,0,1,0,0
"2022",3,울산광역시,남구,0,10,0,10,0,0
"2022",3,울산광역시,울주군,0,3,0,3,0,0
"2022",3,경기도,수원시장안구,0,5,0,5,1,0
"2022",3,경기도,수원시영통구,0,1,0,1,0,1
"2022",3,경기도,성남시중원구,0,7,0,7,0,0
"2022",3,경기도,성남시분당구,0,1,0,1,0,0
"2022",3,경기도,의정부시,0,13,0,13,0,4
"2022",3,경기도,부천시,0,16,0,16,0,1
"2022",3,경기도,평택시,0,22,0,22,0,2
"2022",3,경기도,고양시일산동구,0,14,0,14,0,1
"2022",3,경기도,고양시일산서구,0,6,0,6,0,0
"2022",3,경기도,구리시,0,1,0,1,0,1
"2022",3,경기도,남양주시,0,6,0,6,0,3
"2022",3,경기도,시흥시,0,2,0,2,0,1
"2022",3,경기도,군포시,0,1,0,1,0,0
"2022",3,경기도,용인시기흥구,0,2,0,2,0,1
"2022",3,경기도,파주시,0,1,0,1,0,1
"2022",3,경기도,이천시,0,1,0,1,0,1
"2022",3,경기도,안성시,0,3,0,3,1,0
"2022",3,경기도,김포시,0,19,0,19,1,3
"2022",3,경기도,화성시,0,21,0,21,0,8
"2022",3,경기도,광주시,0,1,0,1,1,0
"2022",3,경기도,양주시,0,4,0,4,0,3
"2022",3,경기도,양평군,0,5,0,5,1,1
"2022",3,충청북도,청주시상당구,0,2,0,2,0,1
"2022",3,충청북도,청주시서원구,0,1,0,1,1,0
"2022",3,충청북도,청주시흥덕구,0,2,0,2,2,0
"2022",3,충청남도,천안시동남구,0,5,0,5,1,2
"2022",3,충청남도,천안시서북구,0,2,0,2,0,1
"2022",3,충청남도,아산시,0,1,0,1,0,1
"2022",3,충청남도,서산시,0,2,0,2,2,0
"2022",3,충청남도,논산시,0,2,0,2,0,0
"2022",3,전라남도,목포시,0,1,0,1,0,1
"2022",3,전라남도,여수시,0,4,0,4,0,0
"2022",3,전라남도,나주시,0,1,0,1,0,1
"2022",3,전라남도,광양시,0,1,0,1,1,0
"2022",3,전라남도,고흥군,0,1,0,1,1,0
"2022",3,경상북도,포항시남구,0,7,0,7,1,2
"2022",3,경상북도,포항시북구,0,19,0,19,0,2
"2022",3,경상북도,김천시,0,1,0,1,1,0
"2022",3,경상북도,구미시,0,14,0,14,0,1
"2022",3,경상북도,영천시,0,2,0,2,1,0
"2022",3,경상북도,경산시,0,10,0,10,0,0
"2022",3,경상남도,창원시의창구,0,4,0,4,0,0
"2022",3,경상남도,진주시,0,2,0,2,0,1
"2022",3,경상남도,통영시,0,1,0,1,0,0
"2022",3,경상남도,김해시,0,1,0,1,0,0
"2022",3,경상남도,밀양시,0,1,0,1,0,0
"2022",3,경상남도,거제시,0,1,0,1,1,0
"2022",3,경상남도,양산시,0,1,0,1,0,0
"2022",3,경상남도,합천군,0,1,0,1,1,0
"2022",3,제주특별자치도,제주시,0,1,0,1,0,1
"2022",3,강원특별자치도,춘천시,0,1,0,1,1,0
"2022",3,강원특별자치도,원주시,0,1,1,1,0,1
"2022",3,강원특별자치도,홍천군,0,1,0,1,0,1
"2022",3,강원특별자치도,횡성군,0,1,0,1,1,0
"2022",3,강원특별자치도,평창군,0,1,0,1,0,0
"2022",3,전북특별자치도,전주시덕진구,0,7,0,7,1,1
"2022",3,전북특별자치도,군산시,0,1,0,1,0,0
"2022",3,전북특별자치도,완주군,0,2,0,2,1,1
"2022",4,서울특별시,용산구,0,3,0,3,0,2
"2022",4,서울특별시,성동구,2,4,0,4,0,2
"2022",4,서울특별시,광진구,0,4,0,4,0,0
"2022",4,서울특별시,동대문구,0,2,0,2,1,0
"2022",4,서울특별시,중랑구,0,3,0,3,0,0
"2022",4,서울특별시,성북구,0,8,0,8,0,1
"2022",4,서울특별시,강북구,0,21,0,21,1,1
"2022",4,서울특별시,도봉구,0,27,0,27,0,1
"2022",4,서울특별시,노원구,0,1,0,1,1,0
"2022",4,서울특별시,은평구,0,2,0,2,1,0
"2022",4,서울특별시,마포구,0,6,0,6,0,0
"2022",4,서울특별시,양천구,0,10,0,10,0,1
"2022",4,서울특별시,강서구,0,35,0,35,1,1
"2022",4,서울특별시,구로구,0,2,0,2,0,0
"2022",4,서울특별시,금천구,4,8,0,8,0,0
"2022",4,서울특별시,영등포구,0,1,0,1,1,0
"2022",4,서울특별시,동작구,0,4,0,4,0,1
"2022",4,서울특별시,관악구,0,10,0,10,0,3
"2022",4,서울특별시,강남구,2,19,0,19,0,17
"2022",4,서울특별시,송파구,0,21,0,21,1,2
"2022",4,부산광역시,중구,0,5,0,5,0,0
"2022",4,부산광역시,영도구,0,4,0,4,0,2
"2022",4,부산광역시,부산진구,0,1,0,1,0,0
"2022",4,부산광역시,해운대구,0,7,0,7,0,0
"2022",4,부산광역시,사하구,0,1,0,1,0,0
"2022",4,부산광역시,금정구,0,2,0,2,1,0
"2022",4,부산광역시,강서구,0,1,0,1,0,1
"2022",4,부산광역시,연제구,0,6,0,6,0,0
"2022",4,부산광역시,수영구,0,5,0,5,0,3
"2022",4,부산광역시,사상구,0,1,0,1,0,0
"2022",4,대구광역시,중구,0,6,0,6,0,1
"2022",4,대구광역시,동구,0,6,0,6,0,2
"2022",4,대구광역시,서구,0,5,0,5,0,4
"2022",4,대구광역시,남구,0,8,0,8,0,0
"2022",4,대구광역시,북구,0,8,0,8,0,1
"2022",4,대구광역시,달서구,0,7,0,7,0,0
"2022",4,대구광역시,달성군,0,1,0,1,0,0
"2022",4,인천광역시,미추홀구,0,4,0,4,2,0
"2022",4,인천광역시,남동구,0,31,0,31,0,5
"2022",4,인천광역시,부평구,0,15,0,15,0,2
"2022",4,인천광역시,서구,0,23,0,23,0,1
"2022",4,광주광역시,동구,0,1,0,1,0,1
"2022",4,광주광역시,서구,0,10,0,10,0,0
"2022",4,광주광역시,북구,0,3,0,3,0,1
"2022",4,대전광역시,동구,0,3,0,3,0,2
"2022",4,대전광역시,중구,0,2,0,2,0,0
"2022",4,대전광역시,유성구,0,1,0,1,0,1
"2022",4,울산광역시,중구,0,1,0,1,0,0
"2022",4,울산광역시,남구,0,10,0,10,0,0
"2022",4,울산광역시,동구,0,2,0,2,0,0
"2022",4,울산광역시,북구,0,1,0,1,0,0
"2022",4,울산광역시,울주군,0,3,0,3,0,0
"2022",4,세종특별자치시,세종시,0,3,0,3,0,1
"2022",4,경기도,수원시장안구,0,8,0,8,0,2
"2022",4,경기도,수원시권선구,0,1,0,1,0,1
"2022",4,경기도,수원시팔달구,0,2,0,2,0,1
"2022",4,경기도,수원시영통구,0,1,0,1,0,0
"2022",4,경기도,성남시수정구,0,1,0,1,0,1
"2022",4,경기도,성남시중원구,0,1,0,1,0,0
"2022",4,경기도,성남시분당구,0,5,0,5,1,0
"2022",4,경기도,의정부시,0,14,0,14,0,1
"2022",4,경기도,안양시만안구,0,1,0,1,0,0
"2022",4,경기도,안양시동안구,0,11,0,11,0,0
"2022",4,경기도,부천시,0,17,0,17,0,1
"2022",4,경기도,광명시,0,2,1,2,1,0
"2022",4,경기도,평택시,0,4,0,4,0,1
"2022",4,경기도,안산시상록구,0,1,0,1,0,0
"2022",4,경기도,안산시단원구,0,3,0,3,1,2
"2022",4,경기도,고양시덕양구,0,10,0,10,0,2
"2022",4,경기도,고양시일산동구,0,1,0,1,0,1
"2022",4,경기도,고양시일산서구,0,8,0,8,0,2
"2022",4,경기도,구리시,0,6,0,6,0,1
"2022",4,경기도,남양주시,0,3,0,3,1,1
"2022",4,경기도,시흥시,0,4,0,4,2,0
"2022",4,경기도,의왕시,0,1,0,1,0,0
"2022",4,경기도,용인시처인구,0,1,0,1,0,1
"2022",4,경기도,용인시기흥구,0,13,0,13,2,1
"2022",4,경기도,파주시,0,1,0,1,0,0
"2022",4,경기도,안성시,0,13,0,13,0,2
"2022",4,경기도,김포시,0,19,0,19,1,6
"2022",4,경기도,화성시,0,15,0,15,1,0
"2022",4,경기도,광주시,0,3,0,3,2,1
"2022",4,경기도,연천군,0,1,0,1,0,1
"2022",4,경기도,양평군,0,2,0,2,0,0
"2022",4,충청북도,청주시상당구,0,24,0,24,0,0
"2022",4,충청북도,청주시서원구,0,5,0,5,1,0
"2022",4,충청북도,청주시흥덕구,0,2,0,2,1,0
"2022",4,충청북도,청주시청원구,0,1,0,1,0,0
"2022",4,충청북도,충주시,0,1,0,1,0,0
"2022",4,충청남도,천안시서북구,0,35,0,35,0,2
"2022",4,충청남도,공주시,0,1,0,1,0,1
"2022",4,충청남도,아산시,0,3,0,3,0,3
"2022",4,충청남도,서산시,0,1,0,1,0,0
"2022",4,충청남도,예산군,0,6,0,6,1,2
"2022",4,충청남도,태안군,0,1,0,1,0,0
"2022",4,전라남도,여수시,0,1,0,1,0,0
"2022",4,전라남도,장성군,0,1,0,1,0,0
"2022",4,경상북도,포항시남구,0,1,0,1,1,0
"2022",4,경상북도,포항시북구,0,4,0,4,0,1
"2022",4,경상북도,김천시,0,1,0,1,1,0
"2022",4,경상북도,구미시,0,30,0,30,3,3
"2022",4,경상북도,영천시,0,1,0,1,1,0
"2022",4,경상북도,경산시,0,6,0,6,0,0
"2022",4,경상북도,성주군,0,1,0,1,0,1
"2022",4,경상남도,창원시의창구,0,1,0,1,0,0
"2022",4,경상남도,창원시성산구,0,3,0,3,0,0
"2022",4,경상남도,창원시진해구,0,3,0,3,0,0
"2022",4,경상남도,김해시,0,25,0,25,0,4
"2022",4,경상남도,밀양시,0,5,0,5,0,4
"2022",4,경상남도,양산시,0,2,0,2,2,0
"2022",4,경상남도,창녕군,0,2,0,2,0,2
"2022",4,경상남도,함양군,0,1,0,1,0,1
"2022",4,제주특별자치도,제주시,0,2,0,2,0,0
"2022",4,강원특별자치도,춘천시,0,1,0,1,0,1
"2022",4,강원특별자치도,원주시,0,1,0,1,1,0
"2022",4,강원특별자치도,평창군,0,1,0,1,0,0
"2022",4,강원특별자치도,고성군,0,1,0,1,0,0
"2022",4,전북특별자치도,전주시덕진구,0,3,0,3,0,0
"2022",4,전북특별자치도,군산시,0,2,0,2,0,0
"2022",4,전북특별자치도,완주군,0,1,0,1,0,1
"2023",1,서울특별시,용산구,0,2,0,2,0,0
"2023",1,서울특별시,성동구,5,5,3,5,0,4
"2023",1,서울특별시,광진구,0,4,1,4,0,0
"2023",1,서울특별시,동대문구,0,4,0,4,1,0
"2023",1,서울특별시,중랑구,0,2,0,2,0,0
"2023",1,서울특별시,성북구,0,7,0,7,0,0
"2023",1,서울특별시,강북구,0,4,0,4,0,0
"2023",1,서울특별시,도봉구,0,7,0,7,0,0
"2023",1,서울특별시,노원구,0,1,0,1,0,0
"2023",1,서울특별시,은평구,0,10,0,10,0,0
"2023",1,서울특별시,서대문구,0,10,0,10,0,0
"2023",1,서울특별시,마포구,0,5,0,5,0,0
"2023",1,서울특별시,양천구,0,11,0,11,1,2
"2023",1,서울특별시,강서구,0,16,0,16,0,4
"2023",1,서울특별시,구로구,0,1,0,1,0,0
"2023",1,서울특별시,금천구,0,5,0,5,0,0
"2023",1,서울특별시,영등포구,0,2,0,2,0,1
"2023",1,서울특별시,동작구,0,7,0,7,2,0
"2023",1,서울특별시,관악구,0,3,0,3,0,0
"2023",1,서울특별시,서초구,0,3,0,3,0,2
"2023",1,서울특별시,강남구,1,19,0,19,2,10
"2023",1,서울특별시,송파구,0,14,0,14,2,2
"2023",1,서울특별시,강동구,0,3,0,3,0,0
"2023",1,부산광역시,중구,0,5,0,5,0,0
"2023",1,부산광역시,영도구,0,1,0,1,0,0
"2023",1,부산광역시,부산진구,0,1,0,1,0,1
"2023",1,부산광역시,동래구,0,1,0,1,0,0
"2023",1,부산광역시,해운대구,0,8,0,8,1,0
"2023",1,부산광역시,사하구,0,1,0,1,0,0
"2023",1,부산광역시,강서구,0,4,0,4,0,0
"2023",1,부산광역시,연제구,0,2,0,2,1,0
"2023",1,부산광역시,수영구,0,3,0,3,0,0
"2023",1,대구광역시,중구,0,12,0,12,1,0
"2023",1,대구광역시,동구,0,1,0,1,1,0
"2023",1,대구광역시,서구,0,3,0,3,0,0
"2023",1,대구광역시,남구,0,11,0,11,0,2
"2023",1,대구광역시,북구,0,6,0,6,0,1
"2023",1,대구광역시,수성구,0,1,0,1,0,0
"2023",1,대구광역시,달서구,0,2,0,2,0,0
"2023",1,대구광역시,달성군,0,3,0,3,1,1
"2023",1,대구광역시,군위군,0,1,0,1,1,0
"2023",1,인천광역시,중구,0,2,0,2,0,0
"2023",1,인천광역시,미추홀구,0,2,0,2,0,1
"2023",1,인천광역시,연수구,0,2,0,2,0,2
"2023",1,인천광역시,남동구,0,7,0,7,1,2
"2023",1,인천광역시,부평구,0,9,0,9,1,0
"2023",1,인천광역시,서구,0,28,0,28,0,1
"2023",1,인천광역시,강화군,0,1,0,1,0,1
"2023",1,광주광역시,동구,0,1,0,1,1,0
"2023",1,광주광역시,서구,0,20,1,20,6,2
"2023",1,광주광역시,북구,0,1,0,1,0,0
"2023",1,대전광역시,동구,0,1,0,1,0,1
"2023",1,대전광역시,중구,0,9,0,9,3,1
"2023",1,대전광역시,유성구,0,6,0,6,0,4
"2023",1,울산광역시,남구,0,13,0,13,1,1
"2023",1,세종특별자치시,세종시,0,2,0,2,2,0
"2023",1,경기도,수원시장안구,0,1,0,1,0,0
"2023",1,경기도,수원시권선구,0,3,0,3,1,2
"2023",1,경기도,수원시팔달구,0,6,0,6,0,0
"2023",1,경기도,성남시중원구,0,1,0,1,0,0
"2023",1,경기도,성남시분당구,0,6,0,6,0,0
"2023",1,경기도,의정부시,0,2,0,2,1,0
"2023",1,경기도,부천시,0,14,0,14,0,2
"2023",1,경기도,평택시,0,2,0,2,0,0
"2023",1,경기도,안산시상록구,0,1,0,1,0,1
"2023",1,경기도,안산시단원구,0,1,0,1,0,1
"2023",1,경기도,고양시덕양구,0,20,0,20,0,0
"2023",1,경기도,고양시일산동구,0,6,0,6,0,0
"2023",1,경기도,고양시일산서구,0,5,0,5,1,0
"2023",1,경기도,남양주시,0,1,0,1,1,0
"2023",1,경기도,시흥시,0,1,0,1,0,0
"2023",1,경기도,군포시,0,2,0,2,0,0
"2023",1,경기도,의왕시,0,2,0,2,2,0
"2023",1,경기도,하남시,0,4,0,4,0,1
"2023",1,경기도,용인시수지구,0,1,0,1,0,1
"2023",1,경기도,파주시,0,4,0,4,0,0
"2023",1,경기도,이천시,0,1,0,1,1,0
"2023",1,경기도,안성시,0,1,0,1,0,1
"2023",1,경기도,김포시,0,23,0,23,7,7
"2023",1,경기도,화성시,0,23,0,23,0,12
"2023",1,경기도,광주시,0,1,0,1,0,1
"2023",1,경기도,양주시,0,1,0,1,0,0
"2023",1,경기도,포천시,0,3,0,3,1,1
"2023",1,경기도,양평군,0,5,0,5,0,1
"2023",1,충청북도,청주시상당구,0,22,0,22,0,0
"2023",1,충청북도,청주시서원구,0,1,0,1,0,0
"2023",1,충청북도,청주시흥덕구,0,2,0,2,1,0
"2023",1,충청북도,청주시청원구,0,1,0,1,0,1
"2023",1,충청북도,진천군,0,3,0,3,0,0
"2023",1,충청남도,천안시동남구,0,13,0,13,0,5
"2023",1,충청남도,공주시,0,3,0,3,0,0
"2023",1,충청남도,서산시,0,1,1,1,0,0
"2023",1,전라남도,여수시,0,4,0,4,0,0
"2023",1,전라남도,순천시,0,1,0,1,0,0
"2023",1,전라남도,나주시,0,2,0,2,1,1
"2023",1,경상북도,포항시남구,0,4,0,4,0,4
"2023",1,경상북도,포항시북구,0,4,0,4,0,3
"2023",1,경상북도,김천시,0,1,0,1,1,0
"2023",1,경상북도,구미시,0,19,0,19,1,2
"2023",1,경상북도,영천시,0,1,0,1,1,0
"2023",1,경상북도,청도군,0,1,0,1,0,1
"2023",1,경상남도,창원시성산구,0,1,0,1,0,1
"2023",1,경상남도,창원시마산회원구,0,3,0,3,0,0
"2023",1,경상남도,김해시,0,6,0,6,0,6
"2023",1,경상남도,밀양시,0,3,0,3,0,0
"2023",1,경상남도,양산시,0,3,1,3,0,1
"2023",1,제주특별자치도,제주시,0,5,0,5,1,1
"2023",1,강원특별자치도,원주시,0,7,0,7,1,0
"2023",1,강원특별자치도,홍천군,0,1,0,1,0,1
"2023",1,강원특별자치도,평창군,0,3,0,3,0,0
"2023",1,강원특별자치도,정선군,1,1,0,1,0,0
"2023",1,전북특별자치도,전주시덕진구,0,4,0,4,0,1
"2023",1,전북특별자치도,군산시,0,2,0,2,0,0
"2023",1,전북특별자치도,익산시,0,1,0,1,1,0
"2023",2,서울특별시,중구,0,1,0,1,0,1
"2023",2,서울특별시,용산구,0,1,0,1,0,0
"2023",2,서울특별시,성동구,1,9,1,9,0,0
"2023",2,서울특별시,광진구,0,1,0,1,0,0
"2023",2,서울특별시,동대문구,0,1,0,1,1,0
"2023",2,서울특별시,성북구,0,2,0,2,0,0
"2023",2,서울특별시,강북구,0,5,0,5,0,0
"2023",2,서울특별시,도봉구,0,6,0,6,0,0
"2023",2,서울특별시,은평구,0,1,0,1,1,0
"2023",2,서울특별시,양천구,0,16,0,16,1,1
"2023",2,서울특별시,강서구,0,39,0,39,0,3
"2023",2,서울특별시,구로구,0,1,0,1,0,0
"2023",2,서울특별시,관악구,0,4,0,4,0,1
"2023",2,서울특별시,서초구,0,1,0,1,0,0
"2023",2,서울특별시,강남구,0,6,0,6,1,2
"2023",2,서울특별시,송파구,0,29,0,29,0,2
"2023",2,부산광역시,중구,0,2,0,2,0,0
"2023",2,부산광역시,서구,0,1,0,1,1,0
"2023",2,부산광역시,영도구,0,1,0,1,0,0
"2023",2,부산광역시,동래구,0,5,0,5,0,0
"2023",2,부산광역시,해운대구,0,3,0,3,0,0
"2023",2,부산광역시,사하구,0,8,0,8,1,0
"2023",2,부산광역시,금정구,0,1,0,1,0,0
"2023",2,부산광역시,강서구,0,2,0,2,0,0
"2023",2,부산광역시,수영구,0,9,0,9,1,0
"2023",2,부산광역시,사상구,0,1,0,1,0,0
"2023",2,부산광역시,기장군,0,4,0,4,1,0
"2023",2,대구광역시,중구,0,13,0,13,0,1
"2023",2,대구광역시,동구,0,1,0,1,1,0
"2023",2,대구광역시,서구,0,7,0,7,0,3
"2023",2,대구광역시,남구,0,2,0,2,0,0
"2023",2,대구광역시,북구,0,9,0,9,0,0
"2023",2,대구광역시,달서구,0,2,0,2,0,0
"2023",2,대구광역시,달성군,0,6,0,6,0,3
"2023",2,대구광역시,군위군,0,1,0,1,0,0
"2023",2,인천광역시,중구,0,1,0,1,0,1
"2023",2,인천광역시,동구,1,1,1,1,0,0
"2023",2,인천광역시,연수구,0,2,0,2,0,2
"2023",2,인천광역시,남동구,0,17,0,17,0,6
"2023",2,인천광역시,계양구,0,2,0,2,0,1
"2023",2,인천광역시,서구,0,11,0,11,0,2
"2023",2,광주광역시,서구,0,40,0,40,0,6
"2023",2,광주광역시,광산구,0,3,0,3,1,2
"2023",2,대전광역시,동구,0,4,0,4,0,3
"2023",2,대전광역시,중구,0,3,0,3,2,0
"2023",2,대전광역시,서구,0,1,0,1,0,1
"2023",2,대전광역시,유성구,0,2,0,2,1,0
"2023",2,대전광역시,대덕구,0,1,0,1,0,0
"2023",2,울산광역시,남구,0,19,0,19,1,0
"2023",2,울산광역시,동구,0,2,0,2,0,0
"2023",2,울산광역시,북구,0,1,0,1,1,0
"2023",2,울산광역시,울주군,0,1,0,1,0,0
"2023",2,세종특별자치시,세종시,0,1,0,1,0,0
"2023",2,경기도,수원시권선구,0,2,0,2,0,0
"2023",2,경기도,성남시수정구,0,1,0,1,0,1
"2023",2,경기도,성남시분당구,0,40,0,40,0,1
"2023",2,경기도,의정부시,0,4,0,4,1,2
"2023",2,경기도,부천시,0,16,0,16,0,4
"2023",2,경기도,평택시,0,43,0,43,1,1
"2023",2,경기도,안산시상록구,0,1,0,1,0,0
"2023",2,경기도,고양시덕양구,0,7,0,7,0,1
"2023",2,경기도,고양시일산동구,0,4,0,4,0,0
"2023",2,경기도,고양시일산서구,0,6,0,6,0,2
"2023",2,경기도,오산시,0,1,0,1,0,1
"2023",2,경기도,시흥시,0,5,0,5,1,3
"2023",2,경기도,군포시,0,10,0,10,0,3
"2023",2,경기도,하남시,0,2,0,2,0,0
"2023",2,경기도,용인시처인구,0,19,0,19,0,3
"2023",2,경기도,파주시,0,3,0,3,0,3
"2023",2,경기도,안성시,0,1,0,1,0,0
"2023",2,경기도,김포시,0,20,0,20,0,9
"2023",2,경기도,화성시,0,22,0,22,1,3
"2023",2,경기도,양주시,0,8,0,8,0,0
"2023",2,경기도,포천시,0,1,0,1,0,0
"2023",2,경기도,가평군,0,7,0,7,0,6
"2023",2,경기도,양평군,0,2,0,2,1,0
"2023",2,충청북도,청주시상당구,0,1,0,1,0,0
"2023",2,충청북도,청주시서원구,0,1,0,1,0,0
"2023",2,충청북도,청주시흥덕구,0,4,0,4,0,1
"2023",2,충청북도,청주시청원구,0,2,0,2,0,0
"2023",2,충청북도,충주시,0,1,0,1,0,1
"2023",2,충청북도,제천시,0,1,0,1,1,0
"2023",2,충청남도,천안시동남구,0,3,0,3,0,2
"2023",2,충청남도,천안시서북구,0,2,0,2,0,0
"2023",2,충청남도,공주시,0,1,0,1,0,1
"2023",2,충청남도,아산시,0,4,0,4,0,4
"2023",2,전라남도,여수시,0,4,0,4,0,0
"2023",2,전라남도,무안군,0,1,0,1,0,1
"2023",2,경상북도,포항시남구,0,1,0,1,0,1
"2023",2,경상북도,포항시북구,70,2,1,2,1,1
"2023",2,경상북도,경주시,0,1,0,1,0,1
"2023",2,경상북도,구미시,0,13,0,13,1,1
"2023",2,경상북도,영천시,0,1,0,1,1,0
"2023",2,경상북도,경산시,0,2,0,2,0,0
"2023",2,경상남도,창원시성산구,0,1,0,1,0,0
"2023",2,경상남도,창원시진해구,0,2,0,2,0,0
"2023",2,경상남도,사천시,0,1,1,1,0,0
"2023",2,경상남도,김해시,0,6,0,6,2,4
"2023",2,경상남도,밀양시,0,1,0,1,0,0
"2023",2,경상남도,양산시,0,4,0,4,0,1
"2023",2,제주특별자치도,제주시,0,14,0,14,1,0
"2023",2,강원특별자치도,춘천시,0,1,0,1,0,1
"2023",2,강원특별자치도,원주시,0,1,0,1,1,0
"2023",2,강원특별자치도,강릉시,0,1,0,1,1,0
"2023",2,전북특별자치도,군산시,0,4,0,4,1,0
"2023",2,전북특별자치도,익산시,0,1,0,1,1,0
"2023",3,서울특별시,종로구,0,3,0,3,1,2
"2023",3,서울특별시,중구,0,3,0,3,0,0
"2023",3,서울특별시,용산구,0,11,0,11,0,0
"2023",3,서울특별시,성동구,5,7,5,7,0,1
"2023",3,서울특별시,광진구,0,1,0,1,0,0
"2023",3,서울특별시,동대문구,0,2,0,2,0,1
"2023",3,서울특별시,중랑구,0,5,0,5,0,1
"2023",3,서울특별시,성북구,0,7,0,7,2,1
"2023",3,서울특별시,강북구,0,1,0,1,0,1
"2023",3,서울특별시,도봉구,0,2,0,2,1,0
"2023",3,서울특별시,서대문구,0,4,0,4,0,0
"2023",3,서울특별시,마포구,0,3,0,3,0,1
"2023",3,서울특별시,양천구,0,14,0,14,2,1
"2023",3,서울특별시,강서구,0,33,0,33,0,3
"2023",3,서울특별시,금천구,0,2,0,2,0,2
"2023",3,서울특별시,관악구,0,1,0,1,1,0
"2023",3,서울특별시,서초구,0,4,0,4,0,0
"2023",3,서울특별시,강남구,0,5,0,5,1,1
"2023",3,서울특별시,송파구,0,58,0,58,0,5
"2023",3,서울특별시,강동구,0,1,0,1,1,0
"2023",3,부산광역시,중구,0,2,0,2,0,0
"2023",3,부산광역시,서구,0,1,0,1,0,1
"2023",3,부산광역시,해운대구,0,1,0,1,0,0
"2023",3,부산광역시,강서구,0,1,0,1,1,0
"2023",3,부산광역시,연제구,0,3,0,3,1,0
"2023",3,부산광역시,수영구,0,5,0,5,0,0
"2023",3,부산광역시,사상구,0,2,0,2,0,0
"2023",3,부산광역시,기장군,0,1,0,1,0,0
"2023",3,대구광역시,중구,0,3,0,3,0,0
"2023",3,대구광역시,서구,0,3,0,3,0,0
"2023",3,대구광역시,남구,0,9,0,9,0,0
"2023",3,대구광역시,북구,0,2,0,2,0,0
"2023",3,대구광역시,수성구,0,1,0,1,0,1
"2023",3,대구광역시,달서구,0,1,0,1,0,0
"2023",3,인천광역시,중구,0,1,0,1,0,0
"2023",3,인천광역시,미추홀구,0,1,0,1,0,1
"2023",3,인천광역시,연수구,0,8,0,8,0,0
"2023",3,인천광역시,남동구,0,3,0,3,1,0
"2023",3,인천광역시,부평구,0,4,0,4,1,1
"2023",3,인천광역시,계양구,0,2,0,2,1,0
"2023",3,인천광역시,서구,0,6,0,6,0,1
"2023",3,광주광역시,서구,0,31,0,31,0,4
"2023",3,광주광역시,남구,0,1,0,1,1,0
"2023",3,대전광역시,동구,0,3,0,3,0,2
"2023",3,대전광역시,중구,0,4,0,4,1,1
"2023",3,대전광역시,유성구,0,1,0,1,0,1
"2023",3,울산광역시,중구,0,1,0,1,1,0
"2023",3,울산광역시,남구,0,9,0,9,0,0
"2023",3,울산광역시,동구,0,1,0,1,0,0
"2023",3,울산광역시,북구,0,1,0,1,0,0
"2023",3,울산광역시,울주군,0,2,0,2,0,0
"2023",3,경기도,수원시영통구,0,2,0,2,0,0
"2023",3,경기도,성남시수정구,0,2,0,2,0,2
"2023",3,경기도,성남시분당구,0,37,0,37,0,0
"2023",3,경기도,의정부시,0,15,0,15,0,3
"2023",3,경기도,안양시만안구,0,2,0,2,0,1
"2023",3,경기도,부천시,0,10,0,10,0,2
"2023",3,경기도,평택시,0,19,0,19,1,3
"2023",3,경기도,안산시상록구,0,1,0,1,0,0
"2023",3,경기도,고양시덕양구,0,6,0,6,0,3
"2023",3,경기도,고양시일산동구,0,2,0,2,0,1
"2023",3,경기도,고양시일산서구,0,24,0,24,1,2
"2023",3,경기도,구리시,0,1,0,1,0,0
"2023",3,경기도,남양주시,0,5,0,5,0,1
"2023",3,경기도,시흥시,0,1,0,1,0,1
"2023",3,경기도,하남시,0,27,0,27,0,0
"2023",3,경기도,용인시처인구,0,2,0,2,1,1
"2023",3,경기도,용인시기흥구,0,1,0,1,0,1
"2023",3,경기도,용인시수지구,0,1,0,1,0,0
"2023",3,경기도,파주시,0,2,0,2,0,1
"2023",3,경기도,이천시,0,1,0,1,0,1
"2023",3,경기도,안성시,0,7,0,7,0,5
"2023",3,경기도,김포시,0,34,0,34,6,6
"2023",3,경기도,화성시,0,31,0,31,1,3
"2023",3,경기도,광주시,0,2,0,2,1,1
"2023",3,경기도,양주시,0,1,0,1,0,1
"2023",3,경기도,포천시,0,2,0,2,0,0
"2023",3,경기도,가평군,0,3,0,3,0,2
"2023",3,경기도,양평군,0,1,0,1,0,0
"2023",3,충청북도,청주시흥덕구,0,2,0,2,0,0
"2023",3,충청남도,천안시서북구,0,3,0,3,1,0
"2023",3,충청남도,아산시,0,3,0,3,2,1
"2023",3,충청남도,당진시,0,1,0,1,0,1
"2023",3,전라남도,여수시,0,1,0,1,0,0
"2023",3,전라남도,영암군,0,3,0,3,1,2
"2023",3,경상북도,포항시남구,0,2,0,2,0,2
"2023",3,경상북도,포항시북구,0,1,0,1,0,1
"2023",3,경상북도,구미시,0,19,0,19,0,2
"2023",3,경상북도,경산시,0,2,0,2,0,0
"2023",3,경상남도,창원시마산회원구,0,1,0,1,0,0
"2023",3,경상남도,사천시,0,1,0,1,0,0
"2023",3,경상남도,김해시,0,11,0,11,2,7
"2023",3,경상남도,거제시,0,1,0,1,1,0
"2023",3,경상남도,양산시,0,14,0,14,0,4
"2023",3,경상남도,함안군,0,1,0,1,0,1
"2023",3,경상남도,거창군,0,1,0,1,0,1
"2023",3,제주특별자치도,제주시,0,2,0,2,0,0
"2023",3,강원특별자치도,춘천시,0,2,0,2,0,0
"2023",3,강원특별자치도,원주시,0,3,0,3,0,2
"2023",3,강원특별자치도,동해시,0,1,0,1,0,1
"2023",3,강원특별자치도,횡성군,0,1,0,1,0,0
"2023",3,전북특별자치도,전주시완산구,0,2,0,2,2,0
"2023",3,전북특별자치도,전주시덕진구,0,2,0,2,1,0
"2023",3,전북특별자치도,군산시,0,6,0,6,0,0
"2023",3,전북특별자치도,부안군,0,1,0,1,0,0
"2023",4,서울특별시,종로구,0,2,0,2,2,0
"2023",4,서울특별시,중구,0,4,0,4,2,0
"2023",4,서울특별시,용산구,0,5,0,5,1,0
"2023",4,서울특별시,성동구,1,1,1,1,0,0
"2023",4,서울특별시,동대문구,0,3,0,3,1,0
"2023",4,서울특별시,중랑구,0,7,0,7,0,4
"2023",4,서울특별시,성북구,0,2,0,2,0,0
"2023",4,서울특별시,강북구,0,17,0,17,0,0
"2023",4,서울특별시,노원구,0,2,0,2,0,0
"2023",4,서울특별시,은평구,0,8,0,8,0,0
"2023",4,서울특별시,마포구,0,1,0,1,0,0
"2023",4,서울특별시,양천구,0,12,0,12,1,0
"2023",4,서울특별시,강서구,0,13,0,13,0,1
"2023",4,서울특별시,구로구,0,1,0,1,0,1
"2023",4,서울특별시,금천구,0,1,0,1,0,0
"2023",4,서울특별시,관악구,0,2,0,2,1,1
"2023",4,서울특별시,서초구,0,3,0,3,0,0
"2023",4,서울특별시,강남구,0,9,0,9,0,3
"2023",4,서울특별시,송파구,0,20,0,20,0,4
"2023",4,서울특별시,강동구,0,3,0,3,0,1
"2023",4,부산광역시,중구,0,5,0,5,0,0
"2023",4,부산광역시,동구,0,1,0,1,1,0
"2023",4,부산광역시,부산진구,0,1,0,1,0,0
"2023",4,부산광역시,동래구,0,1,0,1,0,0
"2023",4,부산광역시,남구,0,1,0,1,0,0
"2023",4,부산광역시,북구,0,2,0,2,2,0
"2023",4,부산광역시,해운대구,0,4,0,4,0,0
"2023",4,부산광역시,사하구,0,12,0,12,0,1
"2023",4,부산광역시,강서구,0,3,0,2,0,0
"2023",4,부산광역시,연제구,0,4,0,4,1,0
"2023",4,부산광역시,수영구,0,22,0,22,0,0
"2023",4,부산광역시,사상구,0,11,0,11,1,0
"2023",4,부산광역시,기장군,0,2,0,2,0,0
"2023",4,대구광역시,중구,0,8,0,8,0,0
"2023",4,대구광역시,서구,0,8,0,8,0,1
"2023",4,대구광역시,북구,0,1,0,1,0,0
"2023",4,대구광역시,수성구,0,3,0,3,0,0
"2023",4,대구광역시,달서구,0,3,0,3,1,0
"2023",4,인천광역시,중구,0,1,0,1,0,1
"2023",4,인천광역시,동구,0,1,0,1,0,0
"2023",4,인천광역시,미추홀구,0,3,0,3,0,1
"2023",4,인천광역시,연수구,0,2,0,2,0,0
"2023",4,인천광역시,남동구,0,6,0,6,0,2
"2023",4,인천광역시,부평구,0,1,0,1,0,0
"2023",4,인천광역시,서구,0,1,0,1,1,0
"2023",4,광주광역시,서구,0,35,0,35,0,9
"2023",4,광주광역시,남구,0,1,0,1,1,0
"2023",4,광주광역시,북구,0,2,0,2,0,2
"2023",4,광주광역시,광산구,0,1,0,1,1,0
"2023",4,대전광역시,동구,0,6,0,6,0,0
"2023",4,대전광역시,중구,0,2,0,2,2,0
"2023",4,대전광역시,유성구,0,1,0,1,0,0
"2023",4,울산광역시,중구,0,2,0,2,0,0
"2023",4,울산광역시,남구,0,24,0,24,0,0
"2023",4,울산광역시,동구,0,1,0,1,0,0
"2023",4,울산광역시,울주군,0,3,0,3,0,0
"2023",4,세종특별자치시,세종시,0,2,0,2,2,0
"2023",4,경기도,수원시팔달구,0,18,0,18,0,0
"2023",4,경기도,수원시영통구,0,2,0,2,0,0
"2023",4,경기도,성남시수정구,0,4,0,4,0,0
"2023",4,경기도,성남시중원구,0,5,1,5,0,1
"2023",4,경기도,성남시분당구,0,16,0,16,1,0
"2023",4,경기도,의정부시,0,4,0,4,0,1
"2023",4,경기도,안양시만안구,0,6,0,6,0,1
"2023",4,경기도,부천시원미구,0,18,0,18,1,2
"2023",4,경기도,부천시소사구,0,11,0,11,0,0
"2023",4,경기도,부천시오정구,0,5,0,5,0,2
"2023",4,경기도,평택시,0,15,0,15,0,4
"2023",4,경기도,동두천시,0,2,0,2,0,1
"2023",4,경기도,안산시상록구,0,2,0,2,0,2
"2023",4,경기도,안산시단원구,0,5,0,5,0,0
"2023",4,경기도,고양시덕양구,0,1,0,1,0,0
"2023",4,경기도,고양시일산동구,0,6,0,6,0,0
"2023",4,경기도,고양시일산서구,0,7,0,7,0,1
"2023",4,경기도,과천시,0,3,0,3,0,2
"2023",4,경기도,남양주시,0,4,0,4,1,1
"2023",4,경기도,오산시,0,2,0,2,0,0
"2023",4,경기도,시흥시,0,4,0,4,0,1
"2023",4,경기도,의왕시,0,4,2,4,0,0
"2023",4,경기도,하남시,0,1,0,1,0,0
"2023",4,경기도,용인시처인구,0,14,0,14,0,3
"2023",4,경기도,용인시수지구,0,6,0,6,2,0
"2023",4,경기도,파주시,0,2,0,2,0,1
"2023",4,경기도,안성시,0,1,0,1,1,0
"2023",4,경기도,김포시,0,28,0,28,0,6
"2023",4,경기도,화성시,0,31,0,31,0,5
"2023",4,경기도,광주시,0,1,0,1,0,1
"2023",4,경기도,양주시,0,7,0,7,0,1
"2023",4,경기도,포천시,0,2,0,2,1,0
"2023",4,경기도,양평군,0,2,0,2,0,1
"2023",4,충청북도,청주시상당구,0,3,0,3,0,0
"2023",4,충청북도,충주시,0,1,0,1,0,0
"2023",4,충청남도,천안시동남구,0,8,0,8,0,0
"2023",4,충청남도,공주시,0,2,0,2,0,1
"2023",4,충청남도,아산시,0,1,0,1,1,0
"2023",4,충청남도,예산군,0,1,0,1,1,0
"2023",4,충청남도,태안군,0,2,1,2,0,0
"2023",4,전라남도,여수시,0,1,0,1,0,1
"2023",4,전라남도,보성군,0,1,0,1,0,1
"2023",4,전라남도,신안군,0,1,0,1,1,0
"2023",4,경상북도,포항시남구,0,1,0,1,1,0
"2023",4,경상북도,포항시북구,0,7,0,7,1,4
"2023",4,경상북도,경주시,0,2,0,2,1,1
"2023",4,경상북도,안동시,0,1,0,1,0,0
"2023",4,경상북도,구미시,0,9,0,9,0,0
"2023",4,경상북도,영천시,0,1,0,1,1,0
"2023",4,경상북도,경산시,0,4,0,4,1,0
"2023",4,경상남도,창원시성산구,0,3,0,3,0,0
"2023",4,경상남도,창원시마산합포구,0,1,0,1,0,1
"2023",4,경상남도,창원시진해구,0,3,0,3,0,0
"2023",4,경상남도,김해시,0,6,0,6,0,5
"2023",4,경상남도,밀양시,0,2,0,2,0,1
"2023",4,경상남도,양산시,0,10,0,10,0,1
"2023",4,제주특별자치도,제주시,0,1,0,1,0,0
"2023",4,강원특별자치도,춘천시,0,5,0,5,0,1
"2023",4,강원특별자치도,원주시,0,3,0,3,2,1
"2023",4,강원특별자치도,강릉시,0,1,0,1,1,0
"2023",4,전북특별자치도,전주시덕진구,0,3,0,3,0,0
"2024",1,서울특별시,종로구,0,3,1,3,0,0
"2024",1,서울특별시,성동구,4,7,4,7,3,1
"2024",1,서울특별시,광진구,0,5,0,5,0,0
"2024",1,서울특별시,중랑구,0,3,0,3,0,0
"2024",1,서울특별시,성북구,0,4,0,4,0,0
"2024",1,서울특별시,강북구,0,7,0,7,1,1
"2024",1,서울특별시,은평구,0,2,0,2,0,1
"2024",1,서울특별시,서대문구,0,1,0,1,0,0
"2024",1,서울특별시,마포구,0,3,0,3,2,1
"2024",1,서울특별시,양천구,0,8,0,8,0,1
"2024",1,서울특별시,강서구,0,6,0,6,1,0
"2024",1,서울특별시,구로구,0,6,0,6,0,0
"2024",1,서울특별시,금천구,0,2,0,2,0,0
"2024",1,서울특별시,서초구,0,16,0,16,0,0
"2024",1,서울특별시,강남구,0,8,0,8,2,3
"2024",1,서울특별시,송파구,0,37,0,37,2,1
"2024",1,서울특별시,강동구,0,2,0,2,0,1
"2024",1,부산광역시,중구,0,1,0,1,0,1
"2024",1,부산광역시,서구,0,7,0,7,0,0
"2024",1,부산광역시,남구,0,1,0,1,0,0
"2024",1,부산광역시,해운대구,0,2,0,2,1,0
"2024",1,부산광역시,사하구,0,5,0,5,0,0
"2024",1,부산광역시,연제구,0,7,0,7,0,1
"2024",1,부산광역시,수영구,0,4,0,4,0,0
"2024",1,부산광역시,기장군,0,1,0,1,0,0
"2024",1,대구광역시,중구,0,9,0,9,0,0
"2024",1,대구광역시,서구,0,1,0,1,0,0
"2024",1,대구광역시,남구,0,1,0,1,1,0
"2024",1,대구광역시,달서구,0,2,0,2,0,0
"2024",1,인천광역시,동구,0,1,0,1,0,1
"2024",1,인천광역시,미추홀구,0,4,1,4,0,0
"2024",1,인천광역시,연수구,0,7,0,7,0,0
"2024",1,인천광역시,남동구,0,6,0,6,0,2
"2024",1,인천광역시,부평구,0,7,0,7,0,1
"2024",1,인천광역시,계양구,0,7,0,7,0,0
"2024",1,인천광역시,서구,0,7,0,7,0,4
"2024",1,광주광역시,동구,0,1,0,1,0,0
"2024",1,광주광역시,서구,0,14,0,14,0,4
"2024",1,광주광역시,북구,0,1,0,1,1,0
"2024",1,대전광역시,동구,0,4,0,4,0,0
"2024",1,대전광역시,중구,0,4,0,4,1,1
"2024",1,대전광역시,유성구,0,8,0,8,0,3
"2024",1,울산광역시,중구,0,2,0,2,0,0
"2024",1,울산광역시,남구,0,12,0,12,0,0
"2024",1,울산광역시,동구,0,2,0,2,0,0
"2024",1,울산광역시,울주군,0,1,0,1,0,0
"2024",1,세종특별자치시,세종시,0,1,0,1,0,1
"2024",1,경기도,수원시권선구,0,1,0,1,0,0
"2024",1,경기도,수원시팔달구,0,22,0,22,0,8
"2024",1,경기도,수원시영통구,0,1,0,1,0,0
"2024",1,경기도,성남시중원구,0,1,0,1,1,0
"2024",1,경기도,성남시분당구,0,35,0,35,0,2
"2024",1,경기도,의정부시,0,4,0,4,0,0
"2024",1,경기도,안양시만안구,0,2,0,2,0,0
"2024",1,경기도,안양시동안구,0,18,0,18,0,1
"2024",1,경기도,부천시원미구,0,9,0,9,0,0
"2024",1,경기도,광명시,0,1,0,1,1,0
"2024",1,경기도,평택시,0,10,0,10,0,4
"2024",1,경기도,안산시상록구,0,2,0,2,0,0
"2024",1,경기도,안산시단원구,0,2,0,2,0,0
"2024",1,경기도,고양시덕양구,0,10,0,10,1,0
"2024",1,경기도,고양시일산동구,0,9,0,9,0,0
"2024",1,경기도,고양시일산서구,0,6,0,6,1,0
"2024",1,경기도,남양주시,0,2,0,2,0,2
"2024",1,경기도,시흥시,0,1,0,1,0,1
"2024",1,경기도,하남시,0,10,0,10,0,1
"2024",1,경기도,용인시기흥구,0,1,0,1,1,0
"2024",1,경기도,용인시수지구,0,1,0,1,1,0
"2024",1,경기도,파주시,0,1,0,1,0,0
"2024",1,경기도,김포시,0,8,0,8,0,1
"2024",1,경기도,화성시,0,30,0,30,0,10
"2024",1,경기도,양주시,0,3,0,3,0,0
"2024",1,경기도,포천시,0,1,0,1,0,1
"2024",1,경기도,여주시,0,1,0,1,0,0
"2024",1,경기도,가평군,0,2,0,2,1,1
"2024",1,경기도,양평군,0,1,0,1,0,0
"2024",1,충청북도,청주시상당구,0,17,0,17,0,0
"2024",1,충청북도,청주시흥덕구,0,1,0,1,0,1
"2024",1,충청북도,제천시,0,2,0,2,2,0
"2024",1,충청북도,음성군,0,2,0,2,2,0
"2024",1,충청남도,천안시동남구,0,6,0,6,0,0
"2024",1,충청남도,아산시,0,3,0,3,0,3
"2024",1,충청남도,서산시,0,3,0,3,0,0
"2024",1,충청남도,논산시,0,1,0,1,1,0
"2024",1,충청남도,홍성군,0,1,0,1,0,1
"2024",1,전라남도,순천시,0,1,0,1,0,1
"2024",1,전라남도,나주시,0,1,0,1,0,1
"2024",1,전라남도,광양시,0,1,0,1,1,0
"2024",1,경상북도,포항시남구,0,1,0,1,1,0
"2024",1,경상북도,포항시북구,0,4,0,4,2,1
"2024",1,경상북도,경주시,0,1,0,1,1,0
"2024",1,경상북도,경산시,0,15,0,15,0,1
"2024",1,경상북도,의성군,0,1,0,1,1,0
"2024",1,경상북도,칠곡군,0,1,0,1,0,0
"2024",1,경상남도,창원시마산합포구,0,1,0,1,0,0
"2024",1,경상남도,김해시,0,5,0,5,1,3
"2024",1,경상남도,밀양시,0,1,0,1,0,1
"2024",1,경상남도,양산시,0,6,0,6,0,4
"2024",1,강원특별자치도,춘천시,0,6,0,6,0,1
"2024",1,강원특별자치도,원주시,0,5,0,5,0,0
"2024",1,강원특별자치도,강릉시,0,1,0,1,1,0
"2024",1,강원특별자치도,고성군,0,1,0,1,0,0
"2024",1,강원특별자치도,양양군,0,1,0,1,1,0
"2024",1,전북특별자치도,전주시덕진구,0,1,0,1,0,0
"2024",2,서울특별시,종로구,0,1,0,1,0,1
"2024",2,서울특별시,중구,0,2,0,2,1,0
"2024",2,서울특별시,성동구,5,5,5,5,0,1
"2024",2,서울특별시,광진구,0,3,0,3,0,1
"2024",2,서울특별시,성북구,0,3,0,3,0,0
"2024",2,서울특별시,노원구,0,1,0,1,0,0
"2024",2,서울특별시,마포구,0,6,0,6,0,1
"2024",2,서울특별시,양천구,0,2,0,2,0,1
"2024",2,서울특별시,강서구,0,4,0,4,0,0
"2024",2,서울특별시,영등포구,0,2,0,2,1,0
"2024",2,서울특별시,동작구,0,2,0,2,0,0
"2024",2,서울특별시,관악구,0,7,0,7,0,0
"2024",2,서울특별시,서초구,0,9,0,9,0,0
"2024",2,서울특별시,강남구,0,8,0,8,1,2
"2024",2,서울특별시,송파구,0,22,0,22,0,1
"2024",2,부산광역시,중구,0,2,1,2,1,0
"2024",2,부산광역시,영도구,0,3,0,3,0,0
"2024",2,부산광역시,부산진구,0,1,0,1,1,0
"2024",2,부산광역시,남구,0,2,0,2,1,1
"2024",2,부산광역시,해운대구,0,6,0,6,0,0
"2024",2,부산광역시,사하구,0,1,0,1,0,1
"2024",2,부산광역시,연제구,0,2,0,2,0,0
"2024",2,부산광역시,수영구,0,4,0,4,1,0
"2024",2,부산광역시,기장군,0,1,0,1,0,0
"2024",2,대구광역시,중구,0,5,0,5,0,1
"2024",2,대구광역시,동구,0,4,0,4,1,0
"2024",2,대구광역시,서구,0,3,0,3,1,0
"2024",2,대구광역시,북구,0,1,0,1,0,0
"2024",2,대구광역시,달서구,0,1,0,1,0,0
"2024",2,인천광역시,중구,0,1,0,1,0,1
"2024",2,인천광역시,동구,0,1,0,1,1,0
"2024",2,인천광역시,미추홀구,0,2,0,2,1,1
"2024",2,인천광역시,연수구,0,31,0,31,0,0
"2024",2,인천광역시,남동구,0,2,0,2,0,0
"2024",2,인천광역시,계양구,0,5,0,5,1,0
"2024",2,인천광역시,서구,0,1,0,1,0,0
"2024",2,인천광역시,강화군,0,1,0,1,0,1
"2024",2,광주광역시,동구,0,2,0,2,0,0
"2024",2,광주광역시,서구,0,42,0,42,1,12
"2024",2,광주광역시,남구,0,1,0,1,1,0
"2024",2,광주광역시,광산구,0,4,0,4,0,4
"2024",2,대전광역시,동구,0,7,0,7,0,2
"2024",2,대전광역시,서구,0,8,0,8,2,0
"2024",2,대전광역시,유성구,0,2,0,2,0,1
"2024",2,울산광역시,남구,0,3,0,3,0,1
"2024",2,울산광역시,동구,0,1,0,1,0,1
"2024",2,울산광역시,북구,0,5,0,5,0,2
"2024",2,울산광역시,울주군,0,1,0,1,0,0
"2024",2,경기도,수원시장안구,0,1,0,1,0,1
"2024",2,경기도,수원시팔달구,0,14,0,14,0,4
"2024",2,경기도,수원시영통구,0,2,0,2,0,0
"2024",2,경기도,성남시수정구,0,1,0,1,1,0
"2024",2,경기도,성남시중원구,0,1,0,1,0,0
"2024",2,경기도,성남시분당구,0,16,0,16,0,1
"2024",2,경기도,의정부시,0,3,0,3,0,0
"2024",2,경기도,안양시만안구,0,4,0,4,1,0
"2024",2,경기도,부천시원미구,0,11,0,11,0,1
"2024",2,경기도,부천시소사구,0,25,0,25,0,0
"2024",2,경기도,평택시,0,10,0,10,0,3
"2024",2,경기도,고양시덕양구,0,4,0,4,0,0
"2024",2,경기도,고양시일산동구,0,7,0,7,0,1
"2024",2,경기도,고양시일산서구,0,8,0,8,0,0
"2024",2,경기도,남양주시,0,2,1,2,0,0
"2024",2,경기도,시흥시,0,1,0,1,0,1
"2024",2,경기도,용인시기흥구,0,2,0,2,0,0
"2024",2,경기도,파주시,0,5,0,5,0,1
"2024",2,경기도,안성시,0,9,0,9,0,1
"2024",2,경기도,김포시,0,12,0,12,0,1
"2024",2,경기도,화성시,0,22,0,22,3,7
"2024",2,경기도,광주시,0,2,0,2,0,2
"2024",2,경기도,양주시,0,7,0,7,1,1
"2024",2,경기도,가평군,0,2,0,2,0,1
"2024",2,충청북도,청주시상당구,0,2,0,2,1,0
"2024",2,충청북도,청주시흥덕구,0,4,0,4,1,1
"2024",2,충청남도,천안시동남구,0,2,0,2,0,0
"2024",2,충청남도,천안시서북구,0,4,0,4,0,0
"2024",2,충청남도,공주시,0,6,0,6,0,4
"2024",2,충청남도,아산시,0,3,0,3,1,2
"2024",2,충청남도,서산시,0,6,0,6,1,0
"2024",2,충청남도,당진시,0,7,0,7,5,0
"2024",2,전라남도,목포시,0,1,0,1,0,1
"2024",2,전라남도,나주시,0,1,0,1,0,0
"2024",2,전라남도,영광군,28,1,1,1,0,1
"2024",2,경상북도,포항시북구,0,1,0,1,1,0
"2024",2,경상북도,경주시,0,2,0,2,2,0
"2024",2,경상북도,김천시,0,1,0,1,0,1
"2024",2,경상북도,구미시,0,14,0,14,0,3
"2024",2,경상북도,경산시,0,3,0,3,1,2
"2024",2,경상북도,칠곡군,0,2,0,2,0,0
"2024",2,경상남도,창원시성산구,0,1,0,1,0,0
"2024",2,경상남도,창원시마산회원구,0,1,0,1,0,0
"2024",2,경상남도,김해시,0,1,0,1,0,0
"2024",2,경상남도,밀양시,0,1,0,1,1,0
"2024",2,경상남도,거제시,0,6,0,6,0,1
"2024",2,경상남도,양산시,0,3,0,3,2,1
"2024",2,경상남도,남해군,0,1,0,1,0,0
"2024",2,제주특별자치도,제주시,0,6,0,6,1,0
"2024",2,강원특별자치도,원주시,0,3,0,3,0,0
"2024",2,강원특별자치도,강릉시,0,1,0,1,0,1
"2024",2,강원특별자치도,고성군,0,3,0,3,0,0
