,buildYear,excluUseAr,floor,본번,부번,offiNm,sggCd,sggNm.x,umdNm.x
1,1989,20.25,5,300,0,율전미주타운,41111,수원시 장안구,율전동
2,1989,35.64,2,300,0,율전미주타운,41111,수원시 장안구,율전동
3,1989,39.6,3,300,0,율전미주타운,41111,수원시 장안구,율전동
4,1989,40.5,3,300,0,율전미주타운,41111,수원시 장안구,율전동
5,1989,40.5,5,300,0,율전미주타운,41111,수원시 장안구,율전동
6,1989,40.5,6,300,0,율전미주타운,41111,수원시 장안구,율전동
7,1989,40.5,7,300,0,율전미주타운,41111,수원시 장안구,율전동
8,1989,42.64,5,300,0,율전미주타운,41111,수원시 장안구,율전동
9,1991,33.83,14,1046,19,수원프라자,41115,수원시 팔달구,인계동
10,1992,36,8,115,0,115,41115,수원시 팔달구,매산로1가
11,1999,17.96,6,998,2,르네상스 시티프라자,41117,수원시 영통구,영통동
12,2000,25.99,7,958,2,훼미리타워,41117,수원시 영통구,영통동
13,2000,25.99,8,958,2,훼미리타워,41117,수원시 영통구,영통동
14,2000,25.99,9,958,2,훼미리타워,41117,수원시 영통구,영통동
15,2000,25.99,10,958,2,훼미리타워,41117,수원시 영통구,영통동
16,2000,25.99,13,958,2,훼미리타워,41117,수원시 영통구,영통동
17,2000,25.99,14,958,2,훼미리타워,41117,수원시 영통구,영통동
18,2000,25.99,15,958,2,훼미리타워,41117,수원시 영통구,영통동
19,2000,25.99,16,958,2,훼미리타워,41117,수원시 영통구,영통동
20,2000,27.73,16,958,2,훼미리타워,41117,수원시 영통구,영통동
21,2000,27.74,9,958,2,훼미리타워,41117,수원시 영통구,영통동
22,2000,27.74,11,958,2,훼미리타워,41117,수원시 영통구,영통동
23,2000,27.74,13,958,2,훼미리타워,41117,수원시 영통구,영통동
24,2000,27.74,14,958,2,훼미리타워,41117,수원시 영통구,영통동
25,2000,28.72,16,958,2,훼미리타워,41117,수원시 영통구,영통동
26,2000,28.88,6,958,2,훼미리타워,41117,수원시 영통구,영통동
27,2000,29.27,6,958,2,훼미리타워,41117,수원시 영통구,영통동
28,2000,29.27,10,958,2,훼미리타워,41117,수원시 영통구,영통동
29,2000,30.17,8,958,2,훼미리타워,41117,수원시 영통구,영통동
30,2000,31.21,10,958,2,훼미리타워,41117,수원시 영통구,영통동
31,2000,31.28,6,958,2,훼미리타워,41117,수원시 영통구,영통동
32,2000,31.28,9,958,2,훼미리타워,41117,수원시 영통구,영통동
33,2000,31.7,7,958,2,훼미리타워,41117,수원시 영통구,영통동
34,2000,31.7,11,958,2,훼미리타워,41117,수원시 영통구,영통동
35,2001,29.64,6,1021,4,청명타운텔,41117,수원시 영통구,영통동
36,2001,29.64,9,1021,4,청명타운텔,41117,수원시 영통구,영통동
37,2003,17.65,3,1135,1,벨로시티,41115,수원시 팔달구,인계동
38,2003,17.65,4,1135,1,벨로시티,41115,수원시 팔달구,인계동
39,2003,17.65,8,1135,1,벨로시티,41115,수원시 팔달구,인계동
40,2003,17.65,9,1135,1,벨로시티,41115,수원시 팔달구,인계동
41,2003,17.65,11,1135,1,벨로시티,41115,수원시 팔달구,인계동
42,2003,17.65,14,1135,1,벨로시티,41115,수원시 팔달구,인계동
43,2003,20.79,2,85,1,(85-1),41115,수원시 팔달구,남창동
44,2003,21.38,10,1135,1,벨로시티,41115,수원시 팔달구,인계동
45,2003,21.38,12,1135,1,벨로시티,41115,수원시 팔달구,인계동
46,2003,21.38,15,1135,1,벨로시티,41115,수원시 팔달구,인계동
47,2003,24.42,2,947,8,Y.T오피스텔,41117,수원시 영통구,영통동
48,2003,24.42,3,947,8,Y.T오피스텔,41117,수원시 영통구,영통동
49,2003,24.42,4,947,8,Y.T오피스텔,41117,수원시 영통구,영통동
50,2003,24.42,5,947,8,Y.T오피스텔,41117,수원시 영통구,영통동
51,2003,24.42,6,947,8,Y.T오피스텔,41117,수원시 영통구,영통동
52,2003,24.42,7,947,8,Y.T오피스텔,41117,수원시 영통구,영통동
53,2003,24.42,8,947,8,Y.T오피스텔,41117,수원시 영통구,영통동
54,2003,24.42,9,947,8,Y.T오피스텔,41117,수원시 영통구,영통동
55,2003,28.56,4,1024,14,경희유니빌,41117,수원시 영통구,영통동
56,2003,29.04,7,92,1,블루하우스,41115,수원시 팔달구,우만동
57,2003,29.61,3,85,1,(85-1),41115,수원시 팔달구,남창동
58,2003,29.61,7,92,1,블루하우스,41115,수원시 팔달구,우만동
59,2003,30.37,11,877,4,정연메이져1동,41111,수원시 장안구,정자동
60,2003,30.37,12,877,4,정연메이져1동,41111,수원시 장안구,정자동
61,2003,30.4,6,92,1,블루하우스,41115,수원시 팔달구,우만동
62,2003,30.46,4,1135,1,벨로시티,41115,수원시 팔달구,인계동
63,2003,30.46,7,1135,1,벨로시티,41115,수원시 팔달구,인계동
64,2003,30.46,14,1135,1,벨로시티,41115,수원시 팔달구,인계동
65,2003,30.46,15,1135,1,벨로시티,41115,수원시 팔달구,인계동
66,2003,30.62,3,1135,1,벨로시티,41115,수원시 팔달구,인계동
67,2003,30.62,4,1135,1,벨로시티,41115,수원시 팔달구,인계동
68,2003,30.62,5,1135,1,벨로시티,41115,수원시 팔달구,인계동
69,2003,30.62,6,1135,1,벨로시티,41115,수원시 팔달구,인계동
70,2003,30.62,7,1135,1,벨로시티,41115,수원시 팔달구,인계동
71,2003,30.62,8,1135,1,벨로시티,41115,수원시 팔달구,인계동
72,2003,30.62,9,1135,1,벨로시티,41115,수원시 팔달구,인계동
73,2003,30.62,10,1135,1,벨로시티,41115,수원시 팔달구,인계동
74,2003,30.62,11,1135,1,벨로시티,41115,수원시 팔달구,인계동
75,2003,30.62,12,1135,1,벨로시티,41115,수원시 팔달구,인계동
76,2003,30.62,13,1135,1,벨로시티,41115,수원시 팔달구,인계동
77,2003,30.62,14,1135,1,벨로시티,41115,수원시 팔달구,인계동
78,2003,30.62,15,1135,1,벨로시티,41115,수원시 팔달구,인계동
79,2003,31.28,4,1024,14,경희유니빌,41117,수원시 영통구,영통동
80,2003,31.28,5,1024,14,경희유니빌,41117,수원시 영통구,영통동
81,2003,31.28,7,1024,14,경희유니빌,41117,수원시 영통구,영통동
82,2003,31.28,8,1024,14,경희유니빌,41117,수원시 영통구,영통동
83,2003,31.28,9,1024,14,경희유니빌,41117,수원시 영통구,영통동
84,2003,31.28,10,1024,14,경희유니빌,41117,수원시 영통구,영통동
85,2003,31.28,12,1024,14,경희유니빌,41117,수원시 영통구,영통동
86,2003,32.3,6,92,1,블루하우스,41115,수원시 팔달구,우만동
87,2003,32.4,11,877,4,정연메이져1동,41111,수원시 장안구,정자동
88,2003,32.43,15,1135,1,벨로시티,41115,수원시 팔달구,인계동
89,2003,33.17,5,1311,6,에스띠보보 1차,41113,수원시 권선구,권선동
90,2003,33.75,12,877,4,정연메이져1동,41111,수원시 장안구,정자동
91,2003,34,7,894,0,일호골든타워,41111,수원시 장안구,조원동
92,2003,34,8,894,0,일호골든타워,41111,수원시 장안구,조원동
93,2003,34,9,894,0,일호골든타워,41111,수원시 장안구,조원동
94,2003,34,10,894,0,일호골든타워,41111,수원시 장안구,조원동
95,2003,34,11,894,0,일호골든타워,41111,수원시 장안구,조원동
96,2003,34,13,894,0,일호골든타워,41111,수원시 장안구,조원동
97,2003,35.14,3,1135,1,벨로시티,41115,수원시 팔달구,인계동
98,2003,35.14,5,1135,1,벨로시티,41115,수원시 팔달구,인계동
99,2003,35.14,6,1135,1,벨로시티,41115,수원시 팔달구,인계동
100,2003,35.14,7,1135,1,벨로시티,41115,수원시 팔달구,인계동
101,2003,35.14,9,1135,1,벨로시티,41115,수원시 팔달구,인계동
102,2003,35.14,10,1135,1,벨로시티,41115,수원시 팔달구,인계동
103,2003,35.14,13,1135,1,벨로시티,41115,수원시 팔달구,인계동
104,2003,35.14,15,1135,1,벨로시티,41115,수원시 팔달구,인계동
105,2003,35.72,6,92,1,블루하우스,41115,수원시 팔달구,우만동
106,2003,35.72,7,92,1,블루하우스,41115,수원시 팔달구,우만동
107,2003,40.6,12,894,0,일호골든타워,41111,수원시 장안구,조원동
108,2003,47.25,11,877,4,정연메이져1동,41111,수원시 장안구,정자동
109,2003,51.94,6,743,21,삼라오피스텔,41115,수원시 팔달구,인계동
110,2003,52.86,3,743,21,삼라오피스텔,41115,수원시 팔달구,인계동
111,2003,52.86,4,743,21,삼라오피스텔,41115,수원시 팔달구,인계동
112,2003,52.86,5,743,21,삼라오피스텔,41115,수원시 팔달구,인계동
113,2003,52.86,6,743,21,삼라오피스텔,41115,수원시 팔달구,인계동
114,2003,56.58,2,743,21,삼라오피스텔,41115,수원시 팔달구,인계동
115,2003,56.58,3,743,21,삼라오피스텔,41115,수원시 팔달구,인계동
116,2003,56.58,5,743,21,삼라오피스텔,41115,수원시 팔달구,인계동
117,2003,58.28,2,743,21,삼라오피스텔,41115,수원시 팔달구,인계동
118,2003,58.28,3,743,21,삼라오피스텔,41115,수원시 팔달구,인계동
119,2003,58.28,4,743,21,삼라오피스텔,41115,수원시 팔달구,인계동
120,2003,58.28,5,743,21,삼라오피스텔,41115,수원시 팔달구,인계동
121,2003,58.28,6,743,21,삼라오피스텔,41115,수원시 팔달구,인계동
122,2003,58.28,7,743,21,삼라오피스텔,41115,수원시 팔달구,인계동
123,2003,62.31,2,743,21,삼라오피스텔,41115,수원시 팔달구,인계동
124,2003,62.31,3,743,21,삼라오피스텔,41115,수원시 팔달구,인계동
125,2004,19.14,3,1036,6,인계 오피앙 오피스텔,41115,수원시 팔달구,인계동
126,2004,19.14,4,1036,6,인계 오피앙 오피스텔,41115,수원시 팔달구,인계동
127,2004,19.14,5,1036,6,인계 오피앙 오피스텔,41115,수원시 팔달구,인계동
128,2004,19.14,6,1036,6,인계 오피앙 오피스텔,41115,수원시 팔달구,인계동
129,2004,19.14,7,1036,6,인계 오피앙 오피스텔,41115,수원시 팔달구,인계동
130,2004,19.14,8,1036,6,인계 오피앙 오피스텔,41115,수원시 팔달구,인계동
131,2004,19.14,9,1036,6,인계 오피앙 오피스텔,41115,수원시 팔달구,인계동
132,2004,19.14,10,1036,6,인계 오피앙 오피스텔,41115,수원시 팔달구,인계동
133,2004,19.14,11,1036,6,인계 오피앙 오피스텔,41115,수원시 팔달구,인계동
134,2004,19.14,13,1036,6,인계 오피앙 오피스텔,41115,수원시 팔달구,인계동
135,2004,19.14,14,1036,6,인계 오피앙 오피스텔,41115,수원시 팔달구,인계동
136,2004,19.14,15,1036,6,인계 오피앙 오피스텔,41115,수원시 팔달구,인계동
137,2004,21.12,3,1036,6,인계 오피앙 오피스텔,41115,수원시 팔달구,인계동
138,2004,21.12,5,1036,6,인계 오피앙 오피스텔,41115,수원시 팔달구,인계동
139,2004,21.12,6,1036,6,인계 오피앙 오피스텔,41115,수원시 팔달구,인계동
140,2004,21.12,7,1036,6,인계 오피앙 오피스텔,41115,수원시 팔달구,인계동
141,2004,21.12,8,1036,6,인계 오피앙 오피스텔,41115,수원시 팔달구,인계동
142,2004,21.12,9,1036,6,인계 오피앙 오피스텔,41115,수원시 팔달구,인계동
143,2004,21.12,10,1036,6,인계 오피앙 오피스텔,41115,수원시 팔달구,인계동
144,2004,21.12,12,1036,6,인계 오피앙 오피스텔,41115,수원시 팔달구,인계동
145,2004,21.12,13,1036,6,인계 오피앙 오피스텔,41115,수원시 팔달구,인계동
146,2004,21.12,14,1036,6,인계 오피앙 오피스텔,41115,수원시 팔달구,인계동
147,2004,21.12,15,1036,6,인계 오피앙 오피스텔,41115,수원시 팔달구,인계동
148,2004,23.6,6,1023,2,이오스 오피스텔,41113,수원시 권선구,권선동
149,2004,23.6,7,1023,2,이오스 오피스텔,41113,수원시 권선구,권선동
150,2004,23.6,9,1023,2,이오스 오피스텔,41113,수원시 권선구,권선동
151,2004,23.6,10,1023,2,이오스 오피스텔,41113,수원시 권선구,권선동
152,2004,23.6,11,1023,2,이오스 오피스텔,41113,수원시 권선구,권선동
153,2004,23.6,12,1023,2,이오스 오피스텔,41113,수원시 권선구,권선동
154,2004,23.6,14,1023,2,이오스 오피스텔,41113,수원시 권선구,권선동
155,2004,25.27,3,1016,2,현대하이엘,41115,수원시 팔달구,인계동
156,2004,25.27,4,1016,2,현대하이엘,41115,수원시 팔달구,인계동
157,2004,25.27,5,1016,2,현대하이엘,41115,수원시 팔달구,인계동
158,2004,25.27,6,1016,2,현대하이엘,41115,수원시 팔달구,인계동
159,2004,25.27,7,1016,2,현대하이엘,41115,수원시 팔달구,인계동
160,2004,25.27,9,1016,2,현대하이엘,41115,수원시 팔달구,인계동
161,2004,25.27,10,1016,2,현대하이엘,41115,수원시 팔달구,인계동
162,2004,25.27,11,1016,2,현대하이엘,41115,수원시 팔달구,인계동
163,2004,25.27,12,1016,2,현대하이엘,41115,수원시 팔달구,인계동
164,2004,25.27,13,1016,2,현대하이엘,41115,수원시 팔달구,인계동
165,2004,25.27,15,1016,2,현대하이엘,41115,수원시 팔달구,인계동
166,2004,25.35,5,1023,2,이오스 오피스텔,41113,수원시 권선구,권선동
167,2004,25.35,15,1023,2,이오스 오피스텔,41113,수원시 권선구,권선동
168,2004,27.45,7,1023,2,이오스 오피스텔,41113,수원시 권선구,권선동
169,2004,27.45,11,1023,2,이오스 오피스텔,41113,수원시 권선구,권선동
170,2004,27.6,15,1023,2,이오스 오피스텔,41113,수원시 권선구,권선동
171,2004,27.81,5,1135,8,삼부르네상스오피스텔,41115,수원시 팔달구,인계동
172,2004,27.81,8,1135,8,삼부르네상스오피스텔,41115,수원시 팔달구,인계동
173,2004,27.81,9,1135,8,삼부르네상스오피스텔,41115,수원시 팔달구,인계동
174,2004,27.81,15,1135,8,삼부르네상스오피스텔,41115,수원시 팔달구,인계동
175,2004,28.14,3,1023,2,이오스 오피스텔,41113,수원시 권선구,권선동
176,2004,28.14,5,1023,2,이오스 오피스텔,41113,수원시 권선구,권선동
177,2004,28.14,7,1023,2,이오스 오피스텔,41113,수원시 권선구,권선동
178,2004,28.14,13,1023,2,이오스 오피스텔,41113,수원시 권선구,권선동
179,2004,28.14,14,1023,2,이오스 오피스텔,41113,수원시 권선구,권선동
180,2004,29.17,2,1013,1,세종그랑시아,41113,수원시 권선구,권선동
181,2004,29.17,3,1013,1,세종그랑시아,41113,수원시 권선구,권선동
182,2004,29.17,4,1013,1,세종그랑시아,41113,수원시 권선구,권선동
183,2004,29.17,5,1013,1,세종그랑시아,41113,수원시 권선구,권선동
184,2004,29.17,7,1013,1,세종그랑시아,41113,수원시 권선구,권선동
185,2004,29.17,8,1013,1,세종그랑시아,41113,수원시 권선구,권선동
186,2004,29.17,10,1013,1,세종그랑시아,41113,수원시 권선구,권선동
187,2004,29.17,11,1013,1,세종그랑시아,41113,수원시 권선구,권선동
188,2004,29.17,12,1013,1,세종그랑시아,41113,수원시 권선구,권선동
189,2004,29.17,13,1013,1,세종그랑시아,41113,수원시 권선구,권선동
190,2004,29.17,15,1013,1,세종그랑시아,41113,수원시 권선구,권선동
191,2004,29.76,3,1135,8,삼부르네상스오피스텔,41115,수원시 팔달구,인계동
192,2004,29.76,4,1135,8,삼부르네상스오피스텔,41115,수원시 팔달구,인계동
193,2004,29.76,5,1135,8,삼부르네상스오피스텔,41115,수원시 팔달구,인계동
194,2004,29.76,6,1135,8,삼부르네상스오피스텔,41115,수원시 팔달구,인계동
195,2004,29.76,9,1135,8,삼부르네상스오피스텔,41115,수원시 팔달구,인계동
196,2004,29.76,10,1135,8,삼부르네상스오피스텔,41115,수원시 팔달구,인계동
197,2004,29.76,11,1135,8,삼부르네상스오피스텔,41115,수원시 팔달구,인계동
198,2004,29.76,12,1135,8,삼부르네상스오피스텔,41115,수원시 팔달구,인계동
199,2004,29.76,13,1135,8,삼부르네상스오피스텔,41115,수원시 팔달구,인계동
200,2004,29.76,15,1135,8,삼부르네상스오피스텔,41115,수원시 팔달구,인계동
201,2004,30,6,1023,2,이오스 오피스텔,41113,수원시 권선구,권선동
202,2004,30,7,1023,2,이오스 오피스텔,41113,수원시 권선구,권선동
203,2004,30,8,1023,2,이오스 오피스텔,41113,수원시 권선구,권선동
204,2004,30,9,1023,2,이오스 오피스텔,41113,수원시 권선구,권선동
205,2004,30,10,1023,2,이오스 오피스텔,41113,수원시 권선구,권선동
206,2004,30,11,1023,2,이오스 오피스텔,41113,수원시 권선구,권선동
207,2004,30,12,1023,2,이오스 오피스텔,41113,수원시 권선구,권선동
208,2004,30,13,1023,2,이오스 오피스텔,41113,수원시 권선구,권선동
209,2004,30.24,7,1023,1,메가플러스4,41117,수원시 영통구,영통동
210,2004,30.24,8,1023,1,메가플러스4,41117,수원시 영통구,영통동
211,2004,30.24,9,1023,1,메가플러스4,41117,수원시 영통구,영통동
212,2004,30.24,10,1023,1,메가플러스4,41117,수원시 영통구,영통동
213,2004,30.24,12,1023,1,메가플러스4,41117,수원시 영통구,영통동
214,2004,30.96,7,1023,1,메가플러스4,41117,수원시 영통구,영통동
215,2004,31.04,3,1023,1,메가플러스4,41117,수원시 영통구,영통동
216,2004,31.2,3,1023,2,이오스 오피스텔,41113,수원시 권선구,권선동
217,2004,31.2,4,1023,2,이오스 오피스텔,41113,수원시 권선구,권선동
218,2004,31.2,8,1023,2,이오스 오피스텔,41113,수원시 권선구,권선동
219,2004,31.2,9,1023,2,이오스 오피스텔,41113,수원시 권선구,권선동
220,2004,31.2,12,1023,2,이오스 오피스텔,41113,수원시 권선구,권선동
221,2004,31.2,15,1023,2,이오스 오피스텔,41113,수원시 권선구,권선동
222,2004,32.7,2,1013,1,세종그랑시아,41113,수원시 권선구,권선동
223,2004,32.7,3,1013,1,세종그랑시아,41113,수원시 권선구,권선동
224,2004,32.7,4,1013,1,세종그랑시아,41113,수원시 권선구,권선동
225,2004,32.7,5,1013,1,세종그랑시아,41113,수원시 권선구,권선동
226,2004,32.7,6,1013,1,세종그랑시아,41113,수원시 권선구,권선동
227,2004,32.7,7,1013,1,세종그랑시아,41113,수원시 권선구,권선동
228,2004,32.7,8,1013,1,세종그랑시아,41113,수원시 권선구,권선동
229,2004,32.7,9,1013,1,세종그랑시아,41113,수원시 권선구,권선동
230,2004,32.7,10,1013,1,세종그랑시아,41113,수원시 권선구,권선동
231,2004,32.7,11,1013,1,세종그랑시아,41113,수원시 권선구,권선동
232,2004,32.7,12,1013,1,세종그랑시아,41113,수원시 권선구,권선동
233,2004,32.7,13,1013,1,세종그랑시아,41113,수원시 권선구,권선동
234,2004,32.7,14,1013,1,세종그랑시아,41113,수원시 권선구,권선동
235,2004,32.7,15,1013,1,세종그랑시아,41113,수원시 권선구,권선동
236,2004,32.75,12,1135,8,삼부르네상스오피스텔,41115,수원시 팔달구,인계동
237,2004,32.91,4,1013,1,세종그랑시아,41113,수원시 권선구,권선동
238,2004,32.91,6,1013,1,세종그랑시아,41113,수원시 권선구,권선동
239,2004,32.91,8,1013,1,세종그랑시아,41113,수원시 권선구,권선동
240,2004,33.2,2,1011,10,올림픽공원대우미래사랑102동,41113,수원시 권선구,권선동
241,2004,33.2,3,1011,10,올림픽공원대우미래사랑102동,41113,수원시 권선구,권선동
242,2004,33.2,3,1011,14,올림픽공원대우미래사랑 101동,41113,수원시 권선구,권선동
243,2004,33.2,5,1011,10,올림픽공원대우미래사랑102동,41113,수원시 권선구,권선동
244,2004,34.21,11,26,25,트레보,41115,수원시 팔달구,우만동
245,2004,34.21,12,26,25,트레보,41115,수원시 팔달구,우만동
246,2004,35,2,1011,14,올림픽공원대우미래사랑 101동,41113,수원시 권선구,권선동
247,2004,35,3,1011,10,올림픽공원대우미래사랑102동,41113,수원시 권선구,권선동
248,2004,35,3,1011,14,올림픽공원대우미래사랑 101동,41113,수원시 권선구,권선동
249,2004,35,5,1011,10,올림픽공원대우미래사랑102동,41113,수원시 권선구,권선동
250,2004,36,12,1131,1,마이홈 오피스텔,41115,수원시 팔달구,인계동
251,2004,37.28,5,1036,6,인계 오피앙 오피스텔,41115,수원시 팔달구,인계동
252,2004,37.28,8,1036,6,인계 오피앙 오피스텔,41115,수원시 팔달구,인계동
253,2004,38.12,6,1036,6,인계 오피앙 오피스텔,41115,수원시 팔달구,인계동
254,2004,38.12,13,1036,6,인계 오피앙 오피스텔,41115,수원시 팔달구,인계동
255,2004,42.8,5,1013,1,세종그랑시아,41113,수원시 권선구,권선동
256,2004,42.8,6,1013,1,세종그랑시아,41113,수원시 권선구,권선동
257,2004,42.8,8,1013,1,세종그랑시아,41113,수원시 권선구,권선동
258,2004,42.8,12,1013,1,세종그랑시아,41113,수원시 권선구,권선동
259,2004,44.46,2,1131,1,마이홈 오피스텔,41115,수원시 팔달구,인계동
260,2004,44.46,3,1131,1,마이홈 오피스텔,41115,수원시 팔달구,인계동
261,2004,44.46,4,1131,1,마이홈 오피스텔,41115,수원시 팔달구,인계동
262,2004,44.46,6,1131,1,마이홈 오피스텔,41115,수원시 팔달구,인계동
263,2004,44.46,7,1131,1,마이홈 오피스텔,41115,수원시 팔달구,인계동
264,2004,44.46,8,1131,1,마이홈 오피스텔,41115,수원시 팔달구,인계동
265,2004,44.46,9,1131,1,마이홈 오피스텔,41115,수원시 팔달구,인계동
266,2004,44.46,12,1131,1,마이홈 오피스텔,41115,수원시 팔달구,인계동
267,2004,44.46,13,1131,1,마이홈 오피스텔,41115,수원시 팔달구,인계동
268,2004,44.46,15,1131,1,마이홈 오피스텔,41115,수원시 팔달구,인계동
269,2004,46.08,12,1023,1,메가플러스4,41117,수원시 영통구,영통동
270,2004,46.2,12,1131,1,마이홈 오피스텔,41115,수원시 팔달구,인계동
271,2004,46.8,5,1131,1,마이홈 오피스텔,41115,수원시 팔달구,인계동
272,2004,46.8,6,1131,1,마이홈 오피스텔,41115,수원시 팔달구,인계동
273,2004,46.8,8,1131,1,마이홈 오피스텔,41115,수원시 팔달구,인계동
274,2004,47.88,2,1131,1,마이홈 오피스텔,41115,수원시 팔달구,인계동
275,2004,47.88,4,1131,1,마이홈 오피스텔,41115,수원시 팔달구,인계동
276,2004,47.88,6,1131,1,마이홈 오피스텔,41115,수원시 팔달구,인계동
277,2004,47.88,7,1131,1,마이홈 오피스텔,41115,수원시 팔달구,인계동
278,2004,47.88,13,1131,1,마이홈 오피스텔,41115,수원시 팔달구,인계동
279,2004,58.55,2,1011,14,올림픽공원대우미래사랑 101동,41113,수원시 권선구,권선동
280,2004,58.55,3,1011,14,올림픽공원대우미래사랑 101동,41113,수원시 권선구,권선동
281,2004,58.55,5,1011,14,올림픽공원대우미래사랑 101동,41113,수원시 권선구,권선동
282,2004,58.55,7,1011,14,올림픽공원대우미래사랑 101동,41113,수원시 권선구,권선동
283,2004,60.06,2,1131,1,마이홈 오피스텔,41115,수원시 팔달구,인계동
284,2004,60.06,3,1131,1,마이홈 오피스텔,41115,수원시 팔달구,인계동
285,2004,60.06,5,1131,1,마이홈 오피스텔,41115,수원시 팔달구,인계동
286,2004,60.06,7,1131,1,마이홈 오피스텔,41115,수원시 팔달구,인계동
287,2004,60.06,9,1131,1,마이홈 오피스텔,41115,수원시 팔달구,인계동
288,2004,60.06,10,1131,1,마이홈 오피스텔,41115,수원시 팔달구,인계동
289,2004,60.06,12,1131,1,마이홈 오피스텔,41115,수원시 팔달구,인계동
290,2004,60.06,15,1131,1,마이홈 오피스텔,41115,수원시 팔달구,인계동
291,2004,64.68,2,1131,1,마이홈 오피스텔,41115,수원시 팔달구,인계동
292,2004,64.68,9,1131,1,마이홈 오피스텔,41115,수원시 팔달구,인계동
293,2004,64.68,10,1131,1,마이홈 오피스텔,41115,수원시 팔달구,인계동
294,2004,68.08,4,1011,10,올림픽공원대우미래사랑102동,41113,수원시 권선구,권선동
295,2004,68.08,6,1011,14,올림픽공원대우미래사랑 101동,41113,수원시 권선구,권선동
296,2004,68.08,7,1011,10,올림픽공원대우미래사랑102동,41113,수원시 권선구,권선동
297,2004,68.08,8,1011,10,올림픽공원대우미래사랑102동,41113,수원시 권선구,권선동
298,2004,68.08,8,1011,14,올림픽공원대우미래사랑 101동,41113,수원시 권선구,권선동
299,2004,68.08,9,1011,10,올림픽공원대우미래사랑102동,41113,수원시 권선구,권선동
300,2004,68.08,10,1011,14,올림픽공원대우미래사랑 101동,41113,수원시 권선구,권선동
301,2004,68.08,11,1011,10,올림픽공원대우미래사랑102동,41113,수원시 권선구,권선동
302,2004,71.61,2,1011,10,올림픽공원대우미래사랑102동,41113,수원시 권선구,권선동
303,2004,71.61,2,1011,14,올림픽공원대우미래사랑 101동,41113,수원시 권선구,권선동
304,2004,71.61,3,1011,10,올림픽공원대우미래사랑102동,41113,수원시 권선구,권선동
305,2004,71.61,3,1011,14,올림픽공원대우미래사랑 101동,41113,수원시 권선구,권선동
306,2004,71.61,4,1011,10,올림픽공원대우미래사랑102동,41113,수원시 권선구,권선동
307,2004,71.61,4,1011,14,올림픽공원대우미래사랑 101동,41113,수원시 권선구,권선동
308,2004,71.61,5,1011,10,올림픽공원대우미래사랑102동,41113,수원시 권선구,권선동
309,2004,71.61,5,1011,14,올림픽공원대우미래사랑 101동,41113,수원시 권선구,권선동
310,2004,71.61,6,1011,10,올림픽공원대우미래사랑102동,41113,수원시 권선구,권선동
311,2004,71.61,6,1011,14,올림픽공원대우미래사랑 101동,41113,수원시 권선구,권선동
312,2004,71.61,7,1011,10,올림픽공원대우미래사랑102동,41113,수원시 권선구,권선동
313,2004,71.61,7,1011,14,올림픽공원대우미래사랑 101동,41113,수원시 권선구,권선동
314,2004,71.61,8,1011,10,올림픽공원대우미래사랑102동,41113,수원시 권선구,권선동
315,2004,71.61,8,1011,14,올림픽공원대우미래사랑 101동,41113,수원시 권선구,권선동
316,2004,71.61,9,1011,10,올림픽공원대우미래사랑102동,41113,수원시 권선구,권선동
317,2004,71.61,9,1011,14,올림픽공원대우미래사랑 101동,41113,수원시 권선구,권선동
318,2004,71.61,10,1011,10,올림픽공원대우미래사랑102동,41113,수원시 권선구,권선동
319,2004,71.61,10,1011,14,올림픽공원대우미래사랑 101동,41113,수원시 권선구,권선동
320,2004,71.61,11,1011,10,올림픽공원대우미래사랑102동,41113,수원시 권선구,권선동
321,2004,71.61,11,1011,14,올림픽공원대우미래사랑 101동,41113,수원시 권선구,권선동
322,2004,71.61,12,1011,10,올림픽공원대우미래사랑102동,41113,수원시 권선구,권선동
323,2004,71.61,12,1011,14,올림픽공원대우미래사랑 101동,41113,수원시 권선구,권선동
324,2004,71.61,13,1011,10,올림픽공원대우미래사랑102동,41113,수원시 권선구,권선동
325,2004,71.61,13,1011,14,올림픽공원대우미래사랑 101동,41113,수원시 권선구,권선동
326,2004,87.86,7,1011,14,올림픽공원대우미래사랑 101동,41113,수원시 권선구,권선동
327,2004,87.86,10,1011,14,올림픽공원대우미래사랑 101동,41113,수원시 권선구,권선동
328,2004,87.86,11,1011,14,올림픽공원대우미래사랑 101동,41113,수원시 권선구,권선동
329,2004,88.62,5,99,10,주상빌딩,41111,수원시 장안구,율전동
330,2004,88.62,9,99,10,주상빌딩,41111,수원시 장안구,율전동
331,2004,88.62,11,99,10,주상빌딩,41111,수원시 장안구,율전동
332,2004,88.62,12,99,10,주상빌딩,41111,수원시 장안구,율전동
333,2004,99.77,3,1011,14,올림픽공원대우미래사랑 101동,41113,수원시 권선구,권선동
334,2004,99.77,9,1011,14,올림픽공원대우미래사랑 101동,41113,수원시 권선구,권선동
335,2005,19.95,2,1134,4,트윈파크에이동,41115,수원시 팔달구,인계동
336,2005,19.95,3,1134,4,트윈파크에이동,41115,수원시 팔달구,인계동
337,2005,19.95,4,1134,4,트윈파크에이동,41115,수원시 팔달구,인계동
338,2005,19.95,6,1134,4,트윈파크에이동,41115,수원시 팔달구,인계동
339,2005,19.95,7,1134,4,트윈파크에이동,41115,수원시 팔달구,인계동
340,2005,19.95,8,1134,4,트윈파크에이동,41115,수원시 팔달구,인계동
341,2005,19.95,9,1134,4,트윈파크에이동,41115,수원시 팔달구,인계동
342,2005,19.95,11,1134,4,트윈파크에이동,41115,수원시 팔달구,인계동
343,2005,19.95,12,1134,4,트윈파크에이동,41115,수원시 팔달구,인계동
344,2005,19.95,13,1134,4,트윈파크에이동,41115,수원시 팔달구,인계동
345,2005,19.95,14,1134,4,트윈파크에이동,41115,수원시 팔달구,인계동
346,2005,19.95,15,1134,4,트윈파크에이동,41115,수원시 팔달구,인계동
347,2005,19.95,16,1134,4,트윈파크에이동,41115,수원시 팔달구,인계동
348,2005,19.95,18,1134,4,트윈파크에이동,41115,수원시 팔달구,인계동
349,2005,27.19,2,40,1,동인트루빌3오피스텔,41115,수원시 팔달구,매산로2가
350,2005,27.19,3,40,1,동인트루빌3오피스텔,41115,수원시 팔달구,매산로2가
351,2005,27.19,4,40,1,동인트루빌3오피스텔,41115,수원시 팔달구,매산로2가
352,2005,27.19,5,40,1,동인트루빌3오피스텔,41115,수원시 팔달구,매산로2가
353,2005,27.19,6,40,1,동인트루빌3오피스텔,41115,수원시 팔달구,매산로2가
354,2005,27.19,7,40,1,동인트루빌3오피스텔,41115,수원시 팔달구,매산로2가
355,2005,27.19,8,40,1,동인트루빌3오피스텔,41115,수원시 팔달구,매산로2가
356,2005,27.19,9,40,1,동인트루빌3오피스텔,41115,수원시 팔달구,매산로2가
357,2005,27.19,10,40,1,동인트루빌3오피스텔,41115,수원시 팔달구,매산로2가
358,2005,27.19,11,40,1,동인트루빌3오피스텔,41115,수원시 팔달구,매산로2가
359,2005,27.19,12,40,1,동인트루빌3오피스텔,41115,수원시 팔달구,매산로2가
360,2005,28.33,5,40,1,동인트루빌3오피스텔,41115,수원시 팔달구,매산로2가
361,2005,30.61,3,40,1,동인트루빌3오피스텔,41115,수원시 팔달구,매산로2가
362,2005,30.61,7,40,1,동인트루빌3오피스텔,41115,수원시 팔달구,매산로2가
363,2005,30.61,9,40,1,동인트루빌3오피스텔,41115,수원시 팔달구,매산로2가
364,2005,30.98,3,1010,1,청광 노블하임,41113,수원시 권선구,권선동
365,2005,30.98,4,1010,1,청광 노블하임,41113,수원시 권선구,권선동
366,2005,30.98,5,1010,1,청광 노블하임,41113,수원시 권선구,권선동
367,2005,30.98,6,1010,1,청광 노블하임,41113,수원시 권선구,권선동
368,2005,30.98,7,1010,1,청광 노블하임,41113,수원시 권선구,권선동
369,2005,30.98,8,1010,1,청광 노블하임,41113,수원시 권선구,권선동
370,2005,30.98,9,1010,1,청광 노블하임,41113,수원시 권선구,권선동
371,2005,30.98,10,1010,1,청광 노블하임,41113,수원시 권선구,권선동
372,2005,30.98,11,1010,1,청광 노블하임,41113,수원시 권선구,권선동
373,2005,30.98,12,1010,1,청광 노블하임,41113,수원시 권선구,권선동
374,2005,30.98,13,1010,1,청광 노블하임,41113,수원시 권선구,권선동
375,2005,30.98,14,1010,1,청광 노블하임,41113,수원시 권선구,권선동
376,2005,30.98,15,1010,1,청광 노블하임,41113,수원시 권선구,권선동
377,2005,32.62,7,1010,1,청광 노블하임,41113,수원시 권선구,권선동
378,2005,32.62,9,1010,1,청광 노블하임,41113,수원시 권선구,권선동
379,2005,32.62,13,1010,1,청광 노블하임,41113,수원시 권선구,권선동
380,2005,32.62,15,1010,1,청광 노블하임,41113,수원시 권선구,권선동
381,2005,36.77,7,1046,13,에스팝타워,41115,수원시 팔달구,인계동
382,2005,37.5,6,1046,13,에스팝타워,41115,수원시 팔달구,인계동
383,2005,37.5,8,1046,13,에스팝타워,41115,수원시 팔달구,인계동
384,2005,37.5,9,1046,13,에스팝타워,41115,수원시 팔달구,인계동
385,2005,37.5,11,1046,13,에스팝타워,41115,수원시 팔달구,인계동
386,2005,37.5,13,1046,13,에스팝타워,41115,수원시 팔달구,인계동
387,2005,37.5,15,1046,13,에스팝타워,41115,수원시 팔달구,인계동
388,2005,37.5,16,1046,13,에스팝타워,41115,수원시 팔달구,인계동
389,2005,37.5,17,1046,13,에스팝타워,41115,수원시 팔달구,인계동
390,2005,37.5,18,1046,13,에스팝타워,41115,수원시 팔달구,인계동
391,2005,37.5,19,1046,13,에스팝타워,41115,수원시 팔달구,인계동
392,2005,37.5,20,1046,13,에스팝타워,41115,수원시 팔달구,인계동
393,2005,39.53,9,1046,13,에스팝타워,41115,수원시 팔달구,인계동
394,2005,39.53,11,1046,13,에스팝타워,41115,수원시 팔달구,인계동
395,2005,39.53,12,1046,13,에스팝타워,41115,수원시 팔달구,인계동
396,2005,39.53,16,1046,13,에스팝타워,41115,수원시 팔달구,인계동
397,2005,39.53,17,1046,13,에스팝타워,41115,수원시 팔달구,인계동
398,2005,39.53,18,1046,13,에스팝타워,41115,수원시 팔달구,인계동
399,2005,39.53,19,1046,13,에스팝타워,41115,수원시 팔달구,인계동
400,2005,39.53,20,1046,13,에스팝타워,41115,수원시 팔달구,인계동
401,2005,40.07,15,285,2,SK HUB BLUE,41111,수원시 장안구,율전동
402,2005,43.47,3,1134,9,트윈파크비동,41115,수원시 팔달구,인계동
403,2005,43.47,4,1134,9,트윈파크비동,41115,수원시 팔달구,인계동
404,2005,43.47,5,1134,9,트윈파크비동,41115,수원시 팔달구,인계동
405,2005,43.47,6,1134,9,트윈파크비동,41115,수원시 팔달구,인계동
406,2005,43.47,7,1134,9,트윈파크비동,41115,수원시 팔달구,인계동
407,2005,43.47,9,1134,9,트윈파크비동,41115,수원시 팔달구,인계동
408,2005,43.47,10,1134,9,트윈파크비동,41115,수원시 팔달구,인계동
409,2005,43.47,11,1134,9,트윈파크비동,41115,수원시 팔달구,인계동
410,2005,43.47,12,1134,9,트윈파크비동,41115,수원시 팔달구,인계동
411,2005,43.47,13,1134,9,트윈파크비동,41115,수원시 팔달구,인계동
412,2005,43.47,15,1134,9,트윈파크비동,41115,수원시 팔달구,인계동
413,2005,43.47,16,1134,9,트윈파크비동,41115,수원시 팔달구,인계동
414,2005,43.47,18,1134,9,트윈파크비동,41115,수원시 팔달구,인계동
415,2005,44.64,11,1010,1,청광 노블하임,41113,수원시 권선구,권선동
416,2005,51.48,12,1134,4,트윈파크에이동,41115,수원시 팔달구,인계동
417,2005,53.75,11,1134,9,트윈파크비동,41115,수원시 팔달구,인계동
418,2005,53.75,12,1134,9,트윈파크비동,41115,수원시 팔달구,인계동
419,2005,53.75,15,1134,9,트윈파크비동,41115,수원시 팔달구,인계동
420,2005,54,4,1134,9,트윈파크비동,41115,수원시 팔달구,인계동
421,2005,54,5,1134,9,트윈파크비동,41115,수원시 팔달구,인계동
422,2005,54,7,1134,9,트윈파크비동,41115,수원시 팔달구,인계동
423,2005,54,9,1134,9,트윈파크비동,41115,수원시 팔달구,인계동
424,2005,54,12,1134,9,트윈파크비동,41115,수원시 팔달구,인계동
425,2005,54,14,1134,9,트윈파크비동,41115,수원시 팔달구,인계동
426,2005,56.76,2,318,2,신동아파라디움오피스텔,41117,수원시 영통구,원천동
427,2005,56.76,6,318,2,신동아파라디움오피스텔,41117,수원시 영통구,원천동
428,2005,56.76,11,318,2,신동아파라디움오피스텔,41117,수원시 영통구,원천동
429,2005,58.42,10,285,2,SK HUB BLUE,41111,수원시 장안구,율전동
430,2005,58.42,11,285,2,SK HUB BLUE,41111,수원시 장안구,율전동
431,2005,58.42,12,285,2,SK HUB BLUE,41111,수원시 장안구,율전동
432,2005,58.42,13,285,2,SK HUB BLUE,41111,수원시 장안구,율전동
433,2005,58.42,14,285,2,SK HUB BLUE,41111,수원시 장안구,율전동
434,2005,58.42,15,285,2,SK HUB BLUE,41111,수원시 장안구,율전동
435,2005,58.42,16,285,2,SK HUB BLUE,41111,수원시 장안구,율전동
436,2005,58.42,18,285,2,SK HUB BLUE,41111,수원시 장안구,율전동
437,2005,61.38,4,1134,4,트윈파크에이동,41115,수원시 팔달구,인계동
438,2005,61.38,15,1134,4,트윈파크에이동,41115,수원시 팔달구,인계동
439,2005,61.38,17,1134,4,트윈파크에이동,41115,수원시 팔달구,인계동
440,2005,61.71,10,318,2,신동아파라디움오피스텔,41117,수원시 영통구,원천동
441,2005,65.62,11,1046,13,에스팝타워,41115,수원시 팔달구,인계동
442,2005,71.12,13,285,2,SK HUB BLUE,41111,수원시 장안구,율전동
443,2005,72.45,3,1134,4,트윈파크에이동,41115,수원시 팔달구,인계동
444,2005,72.45,4,1134,4,트윈파크에이동,41115,수원시 팔달구,인계동
445,2005,72.45,5,1134,4,트윈파크에이동,41115,수원시 팔달구,인계동
446,2005,72.45,6,1134,4,트윈파크에이동,41115,수원시 팔달구,인계동
447,2005,72.45,7,1134,4,트윈파크에이동,41115,수원시 팔달구,인계동
448,2005,72.45,8,1134,4,트윈파크에이동,41115,수원시 팔달구,인계동
449,2005,72.45,9,1134,4,트윈파크에이동,41115,수원시 팔달구,인계동
450,2005,72.45,12,1134,4,트윈파크에이동,41115,수원시 팔달구,인계동
451,2005,72.45,13,1134,4,트윈파크에이동,41115,수원시 팔달구,인계동
452,2005,72.45,14,1134,4,트윈파크에이동,41115,수원시 팔달구,인계동
453,2005,72.45,15,1134,4,트윈파크에이동,41115,수원시 팔달구,인계동
454,2005,72.45,16,1134,4,트윈파크에이동,41115,수원시 팔달구,인계동
455,2005,72.45,18,1134,4,트윈파크에이동,41115,수원시 팔달구,인계동
456,2005,77.84,4,318,2,신동아파라디움오피스텔,41117,수원시 영통구,원천동
457,2005,77.84,15,318,2,신동아파라디움오피스텔,41117,수원시 영통구,원천동
458,2005,79.6,8,1046,13,에스팝타워,41115,수원시 팔달구,인계동
459,2005,79.6,13,1046,13,에스팝타워,41115,수원시 팔달구,인계동
460,2005,90.15,15,318,2,신동아파라디움오피스텔,41117,수원시 영통구,원천동
461,2005,97.2,10,1134,9,트윈파크비동,41115,수원시 팔달구,인계동
462,2005,97.2,13,1134,9,트윈파크비동,41115,수원시 팔달구,인계동
463,2005,97.2,15,1134,9,트윈파크비동,41115,수원시 팔달구,인계동
464,2006,20.91,14,11,9,세진브론즈빌,41115,수원시 팔달구,매산로1가
465,2006,29.09,2,514,0,수원로얄팰리스,41111,수원시 장안구,송죽동
466,2006,30.49,3,514,0,수원로얄팰리스,41111,수원시 장안구,송죽동
467,2006,32.34,6,11,9,세진브론즈빌,41115,수원시 팔달구,매산로1가
468,2006,32.34,8,11,9,세진브론즈빌,41115,수원시 팔달구,매산로1가
469,2006,32.34,10,11,9,세진브론즈빌,41115,수원시 팔달구,매산로1가
470,2006,32.34,11,11,9,세진브론즈빌,41115,수원시 팔달구,매산로1가
471,2006,36.1,2,1013,4,한라비발디파크,41113,수원시 권선구,권선동
472,2006,36.1,3,1013,4,한라비발디파크,41113,수원시 권선구,권선동
473,2006,36.1,4,1013,4,한라비발디파크,41113,수원시 권선구,권선동
474,2006,36.1,6,1013,4,한라비발디파크,41113,수원시 권선구,권선동
475,2006,36.1,7,1013,4,한라비발디파크,41113,수원시 권선구,권선동
476,2006,36.1,8,1013,4,한라비발디파크,41113,수원시 권선구,권선동
477,2006,36.1,10,1013,4,한라비발디파크,41113,수원시 권선구,권선동
478,2006,36.1,11,1013,4,한라비발디파크,41113,수원시 권선구,권선동
479,2006,36.1,12,1013,4,한라비발디파크,41113,수원시 권선구,권선동
480,2006,36.1,14,1013,4,한라비발디파크,41113,수원시 권선구,권선동
481,2006,44.44,14,11,9,세진브론즈빌,41115,수원시 팔달구,매산로1가
482,2006,55.25,3,40,3,대주파크빌,41115,수원시 팔달구,매산로2가
483,2006,55.25,5,40,3,대주파크빌,41115,수원시 팔달구,매산로2가
484,2006,55.25,6,40,3,대주파크빌,41115,수원시 팔달구,매산로2가
485,2006,55.35,2,40,3,대주파크빌,41115,수원시 팔달구,매산로2가
486,2006,55.4,2,40,3,대주파크빌,41115,수원시 팔달구,매산로2가
487,2006,55.4,3,40,3,대주파크빌,41115,수원시 팔달구,매산로2가
488,2006,55.4,5,40,3,대주파크빌,41115,수원시 팔달구,매산로2가
489,2006,55.4,6,40,3,대주파크빌,41115,수원시 팔달구,매산로2가
490,2006,55.4,7,40,3,대주파크빌,41115,수원시 팔달구,매산로2가
491,2006,55.4,8,40,3,대주파크빌,41115,수원시 팔달구,매산로2가
492,2006,55.4,9,40,3,대주파크빌,41115,수원시 팔달구,매산로2가
493,2006,55.4,10,40,3,대주파크빌,41115,수원시 팔달구,매산로2가
494,2006,59.99,2,514,0,수원로얄팰리스,41111,수원시 장안구,송죽동
495,2006,59.99,3,514,0,수원로얄팰리스,41111,수원시 장안구,송죽동
496,2006,60.71,8,1120,0,캐슬타워,41115,수원시 팔달구,인계동
497,2006,60.71,9,1120,0,캐슬타워,41115,수원시 팔달구,인계동
498,2006,60.71,10,1120,0,캐슬타워,41115,수원시 팔달구,인계동
499,2006,60.71,11,1120,0,캐슬타워,41115,수원시 팔달구,인계동
500,2006,60.71,17,1120,0,캐슬타워,41115,수원시 팔달구,인계동
501,2006,61.27,5,1120,0,캐슬타워,41115,수원시 팔달구,인계동
502,2006,61.87,11,206,0,한라시그마팰리스,41115,수원시 팔달구,인계동
503,2006,61.87,12,206,0,한라시그마팰리스,41115,수원시 팔달구,인계동
504,2006,61.87,13,206,0,한라시그마팰리스,41115,수원시 팔달구,인계동
505,2006,71.27,2,1013,4,한라비발디파크,41113,수원시 권선구,권선동
506,2006,71.27,3,1013,4,한라비발디파크,41113,수원시 권선구,권선동
507,2006,71.27,4,1013,4,한라비발디파크,41113,수원시 권선구,권선동
508,2006,71.27,5,1013,4,한라비발디파크,41113,수원시 권선구,권선동
509,2006,71.27,7,1013,4,한라비발디파크,41113,수원시 권선구,권선동
510,2006,71.27,8,1013,4,한라비발디파크,41113,수원시 권선구,권선동
511,2006,71.27,9,1013,4,한라비발디파크,41113,수원시 권선구,권선동
512,2006,71.27,10,1013,4,한라비발디파크,41113,수원시 권선구,권선동
513,2006,71.27,11,1013,4,한라비발디파크,41113,수원시 권선구,권선동
514,2006,71.27,12,1013,4,한라비발디파크,41113,수원시 권선구,권선동
515,2006,71.27,13,1013,4,한라비발디파크,41113,수원시 권선구,권선동
516,2006,71.27,14,1013,4,한라비발디파크,41113,수원시 권선구,권선동
517,2006,71.27,15,1013,4,한라비발디파크,41113,수원시 권선구,권선동
518,2006,73.44,8,1013,4,한라비발디파크,41113,수원시 권선구,권선동
519,2006,73.44,9,1013,4,한라비발디파크,41113,수원시 권선구,권선동
520,2006,74.34,2,40,3,대주파크빌,41115,수원시 팔달구,매산로2가
521,2006,74.34,4,40,3,대주파크빌,41115,수원시 팔달구,매산로2가
522,2006,74.34,10,40,3,대주파크빌,41115,수원시 팔달구,매산로2가
523,2006,82.34,4,1120,0,캐슬타워,41115,수원시 팔달구,인계동
524,2006,82.34,8,1120,0,캐슬타워,41115,수원시 팔달구,인계동
525,2006,82.34,13,1120,0,캐슬타워,41115,수원시 팔달구,인계동
526,2006,82.34,14,1120,0,캐슬타워,41115,수원시 팔달구,인계동
527,2006,82.34,16,1120,0,캐슬타워,41115,수원시 팔달구,인계동
528,2006,82.34,17,1120,0,캐슬타워,41115,수원시 팔달구,인계동
529,2006,84.07,4,1120,0,캐슬타워,41115,수원시 팔달구,인계동
530,2006,84.07,7,1120,0,캐슬타워,41115,수원시 팔달구,인계동
531,2006,84.07,8,1120,0,캐슬타워,41115,수원시 팔달구,인계동
532,2006,84.07,13,1120,0,캐슬타워,41115,수원시 팔달구,인계동
533,2006,84.07,15,1120,0,캐슬타워,41115,수원시 팔달구,인계동
534,2006,87.02,11,40,3,대주파크빌,41115,수원시 팔달구,매산로2가
535,2006,87.06,2,1013,4,한라비발디파크,41113,수원시 권선구,권선동
536,2006,87.06,5,1013,4,한라비발디파크,41113,수원시 권선구,권선동
537,2006,87.06,6,1013,4,한라비발디파크,41113,수원시 권선구,권선동
538,2006,87.06,8,1013,4,한라비발디파크,41113,수원시 권선구,권선동
539,2006,87.06,9,1013,4,한라비발디파크,41113,수원시 권선구,권선동
540,2006,87.06,10,1013,4,한라비발디파크,41113,수원시 권선구,권선동
541,2006,87.06,11,1013,4,한라비발디파크,41113,수원시 권선구,권선동
542,2006,87.06,12,1013,4,한라비발디파크,41113,수원시 권선구,권선동
543,2006,87.06,15,1013,4,한라비발디파크,41113,수원시 권선구,권선동
544,2006,91.81,7,1120,0,캐슬타워,41115,수원시 팔달구,인계동
545,2006,91.81,9,1120,0,캐슬타워,41115,수원시 팔달구,인계동
546,2006,91.81,11,1120,0,캐슬타워,41115,수원시 팔달구,인계동
547,2006,91.81,12,1120,0,캐슬타워,41115,수원시 팔달구,인계동
548,2006,91.81,15,1120,0,캐슬타워,41115,수원시 팔달구,인계동
549,2006,95.46,9,945,2,수원영통리슈빌스카이오피스텔,41117,수원시 영통구,영통동
550,2006,95.48,11,945,2,수원영통리슈빌스카이오피스텔,41117,수원시 영통구,영통동
551,2006,95.48,15,945,2,수원영통리슈빌스카이오피스텔,41117,수원시 영통구,영통동
552,2006,97.13,2,945,2,수원영통리슈빌스카이오피스텔,41117,수원시 영통구,영통동
553,2006,97.13,3,945,2,수원영통리슈빌스카이오피스텔,41117,수원시 영통구,영통동
554,2006,97.13,4,945,2,수원영통리슈빌스카이오피스텔,41117,수원시 영통구,영통동
555,2006,97.13,5,945,2,수원영통리슈빌스카이오피스텔,41117,수원시 영통구,영통동
556,2006,97.13,6,945,2,수원영통리슈빌스카이오피스텔,41117,수원시 영통구,영통동
557,2006,97.13,7,945,2,수원영통리슈빌스카이오피스텔,41117,수원시 영통구,영통동
558,2006,97.13,8,945,2,수원영통리슈빌스카이오피스텔,41117,수원시 영통구,영통동
559,2006,97.13,9,945,2,수원영통리슈빌스카이오피스텔,41117,수원시 영통구,영통동
560,2006,97.13,10,945,2,수원영통리슈빌스카이오피스텔,41117,수원시 영통구,영통동
561,2006,97.13,11,945,2,수원영통리슈빌스카이오피스텔,41117,수원시 영통구,영통동
562,2006,97.13,12,945,2,수원영통리슈빌스카이오피스텔,41117,수원시 영통구,영통동
563,2006,97.13,15,945,2,수원영통리슈빌스카이오피스텔,41117,수원시 영통구,영통동
564,2006,107.92,5,1116,5,인계동 삼환 아르누보파크,41115,수원시 팔달구,인계동
565,2006,107.92,8,1116,5,인계동 삼환 아르누보파크,41115,수원시 팔달구,인계동
566,2006,107.92,14,1116,5,인계동 삼환 아르누보파크,41115,수원시 팔달구,인계동
567,2006,107.92,15,1116,5,인계동 삼환 아르누보파크,41115,수원시 팔달구,인계동
568,2006,107.92,17,1116,5,인계동 삼환 아르누보파크,41115,수원시 팔달구,인계동
569,2006,112.53,7,1120,0,캐슬타워,41115,수원시 팔달구,인계동
570,2006,112.53,10,1120,0,캐슬타워,41115,수원시 팔달구,인계동
571,2006,112.53,11,1120,0,캐슬타워,41115,수원시 팔달구,인계동
572,2006,112.53,13,1120,0,캐슬타워,41115,수원시 팔달구,인계동
573,2006,112.53,17,1120,0,캐슬타워,41115,수원시 팔달구,인계동
574,2006,116.99,2,945,2,수원영통리슈빌스카이오피스텔,41117,수원시 영통구,영통동
575,2006,116.99,14,945,2,수원영통리슈빌스카이오피스텔,41117,수원시 영통구,영통동
576,2006,118.25,2,1116,5,인계동 삼환 아르누보파크,41115,수원시 팔달구,인계동
577,2006,118.25,10,1116,5,인계동 삼환 아르누보파크,41115,수원시 팔달구,인계동
578,2006,122.91,4,1116,5,인계동 삼환 아르누보파크,41115,수원시 팔달구,인계동
579,2006,122.91,5,1116,5,인계동 삼환 아르누보파크,41115,수원시 팔달구,인계동
580,2007,96.95,8,1134,11,동양파라곤 2단지,41115,수원시 팔달구,인계동
581,2007,96.95,9,1134,11,동양파라곤 2단지,41115,수원시 팔달구,인계동
582,2007,96.95,16,1134,11,동양파라곤 2단지,41115,수원시 팔달구,인계동
583,2007,97.12,7,1134,3,동양파라곤 1단지,41115,수원시 팔달구,인계동
584,2007,97.12,16,1134,11,동양파라곤 2단지,41115,수원시 팔달구,인계동
585,2007,98.06,3,1134,3,동양파라곤 1단지,41115,수원시 팔달구,인계동
586,2007,107.45,7,1134,11,동양파라곤 2단지,41115,수원시 팔달구,인계동
587,2007,107.45,10,1134,11,동양파라곤 2단지,41115,수원시 팔달구,인계동
588,2007,107.45,10,1134,3,동양파라곤 1단지,41115,수원시 팔달구,인계동
589,2007,107.45,11,1134,3,동양파라곤 1단지,41115,수원시 팔달구,인계동
590,2007,119.19,10,1134,3,동양파라곤 1단지,41115,수원시 팔달구,인계동
591,2008,82.92,3,1114,9,(1114-9),41115,수원시 팔달구,인계동
592,2008,82.92,6,1114,9,(1114-9),41115,수원시 팔달구,인계동
593,2008,94.64,7,1116,3,한화 꿈에그린 효원 101동,41115,수원시 팔달구,인계동
594,2008,95.19,3,1116,3,한화 꿈에그린 효원 101동,41115,수원시 팔달구,인계동
595,2008,95.19,11,1116,3,한화 꿈에그린 효원 101동,41115,수원시 팔달구,인계동
596,2008,95.19,14,1116,3,한화 꿈에그린 효원 101동,41115,수원시 팔달구,인계동
597,2008,97.23,11,1116,4,한화 꿈에그린 효원 102동,41115,수원시 팔달구,인계동
598,2008,97.23,12,1116,4,한화 꿈에그린 효원 102동,41115,수원시 팔달구,인계동
599,2008,97.67,6,1116,4,한화 꿈에그린 효원 102동,41115,수원시 팔달구,인계동
600,2008,161.9,2,1116,3,한화 꿈에그린 효원 101동,41115,수원시 팔달구,인계동
601,2008,161.9,9,1116,3,한화 꿈에그린 효원 101동,41115,수원시 팔달구,인계동
602,2008,161.9,12,1116,3,한화 꿈에그린 효원 101동,41115,수원시 팔달구,인계동
603,2008,165.56,2,1116,4,한화 꿈에그린 효원 102동,41115,수원시 팔달구,인계동
604,2008,165.56,3,1116,4,한화 꿈에그린 효원 102동,41115,수원시 팔달구,인계동
605,2008,165.56,17,1116,4,한화 꿈에그린 효원 102동,41115,수원시 팔달구,인계동
606,2008,165.86,5,1116,4,한화 꿈에그린 효원 102동,41115,수원시 팔달구,인계동
607,2010,27.25,6,1034,3,드라마시티,41115,수원시 팔달구,인계동
608,2010,27.32,3,1034,3,드라마시티,41115,수원시 팔달구,인계동
609,2010,27.32,4,1034,3,드라마시티,41115,수원시 팔달구,인계동
610,2010,27.63,6,1034,3,드라마시티,41115,수원시 팔달구,인계동
611,2010,27.8,6,1034,3,드라마시티,41115,수원시 팔달구,인계동
612,2010,28.4,3,1034,3,드라마시티,41115,수원시 팔달구,인계동
613,2010,28.4,5,1034,3,드라마시티,41115,수원시 팔달구,인계동
614,2010,28.4,7,1034,3,드라마시티,41115,수원시 팔달구,인계동
615,2010,28.48,6,1034,3,드라마시티,41115,수원시 팔달구,인계동
616,2010,29.17,4,1034,3,드라마시티,41115,수원시 팔달구,인계동
617,2010,29.41,3,1034,3,드라마시티,41115,수원시 팔달구,인계동
618,2010,29.41,7,1034,3,드라마시티,41115,수원시 팔달구,인계동
619,2010,34.77,7,1034,3,드라마시티,41115,수원시 팔달구,인계동
620,2012,20.15,14,1351,1,광교데시앙루브,41117,수원시 영통구,이의동
621,2012,20.68,8,1351,1,광교데시앙루브,41117,수원시 영통구,이의동
622,2012,20.68,9,1351,1,광교데시앙루브,41117,수원시 영통구,이의동
623,2012,20.68,10,1351,1,광교데시앙루브,41117,수원시 영통구,이의동
624,2012,28.96,4,1330,0,광교서희스타힐스오피스텔,41117,수원시 영통구,이의동
625,2012,28.96,5,1330,0,광교서희스타힐스오피스텔,41117,수원시 영통구,이의동
626,2012,28.96,6,1330,0,광교서희스타힐스오피스텔,41117,수원시 영통구,이의동
627,2012,28.96,7,1330,0,광교서희스타힐스오피스텔,41117,수원시 영통구,이의동
628,2012,28.96,8,1330,0,광교서희스타힐스오피스텔,41117,수원시 영통구,이의동
629,2012,28.96,10,1330,0,광교서희스타힐스오피스텔,41117,수원시 영통구,이의동
630,2012,28.96,11,1330,0,광교서희스타힐스오피스텔,41117,수원시 영통구,이의동
631,2012,28.96,12,1330,0,광교서희스타힐스오피스텔,41117,수원시 영통구,이의동
632,2012,29.45,8,1351,1,광교데시앙루브,41117,수원시 영통구,이의동
633,2012,29.45,9,1351,1,광교데시앙루브,41117,수원시 영통구,이의동
634,2012,29.45,10,1351,1,광교데시앙루브,41117,수원시 영통구,이의동
635,2012,29.45,11,1351,1,광교데시앙루브,41117,수원시 영통구,이의동
636,2012,29.45,12,1351,1,광교데시앙루브,41117,수원시 영통구,이의동
637,2012,29.45,13,1351,1,광교데시앙루브,41117,수원시 영통구,이의동
638,2012,29.45,15,1351,1,광교데시앙루브,41117,수원시 영통구,이의동
639,2012,29.85,5,1330,0,광교서희스타힐스오피스텔,41117,수원시 영통구,이의동
640,2012,29.85,6,1330,0,광교서희스타힐스오피스텔,41117,수원시 영통구,이의동
641,2012,29.85,7,1330,0,광교서희스타힐스오피스텔,41117,수원시 영통구,이의동
642,2012,29.85,8,1330,0,광교서희스타힐스오피스텔,41117,수원시 영통구,이의동
643,2012,29.85,9,1330,0,광교서희스타힐스오피스텔,41117,수원시 영통구,이의동
644,2012,29.85,10,1330,0,광교서희스타힐스오피스텔,41117,수원시 영통구,이의동
645,2012,29.85,11,1330,0,광교서희스타힐스오피스텔,41117,수원시 영통구,이의동
646,2012,29.85,12,1330,0,광교서희스타힐스오피스텔,41117,수원시 영통구,이의동
647,2012,30.65,11,1351,1,광교데시앙루브,41117,수원시 영통구,이의동
648,2012,30.65,14,1351,1,광교데시앙루브,41117,수원시 영통구,이의동
649,2012,31.1,11,1351,1,광교데시앙루브,41117,수원시 영통구,이의동
650,2012,31.1,13,1351,1,광교데시앙루브,41117,수원시 영통구,이의동
651,2012,31.1,14,1351,1,광교데시앙루브,41117,수원시 영통구,이의동
652,2012,31.1,15,1351,1,광교데시앙루브,41117,수원시 영통구,이의동
653,2012,31.67,13,1351,1,광교데시앙루브,41117,수원시 영통구,이의동
654,2012,39.96,7,1351,1,광교데시앙루브,41117,수원시 영통구,이의동
655,2012,39.96,8,1351,1,광교데시앙루브,41117,수원시 영통구,이의동
656,2012,39.96,9,1351,1,광교데시앙루브,41117,수원시 영통구,이의동
657,2012,39.96,15,1351,1,광교데시앙루브,41117,수원시 영통구,이의동
658,2013,25.35,4,1257,4,광교 파인렉스2,41117,수원시 영통구,이의동
659,2013,25.35,5,1257,4,광교 파인렉스2,41117,수원시 영통구,이의동
660,2013,25.35,6,1257,4,광교 파인렉스2,41117,수원시 영통구,이의동
661,2013,25.35,8,1257,4,광교 파인렉스2,41117,수원시 영통구,이의동
662,2013,25.35,9,1257,4,광교 파인렉스2,41117,수원시 영통구,이의동
663,2013,25.35,10,1257,4,광교 파인렉스2,41117,수원시 영통구,이의동
664,2013,26.71,6,1348,2,광교하이니티,41117,수원시 영통구,이의동
665,2013,26.71,7,1348,2,광교하이니티,41117,수원시 영통구,이의동
666,2013,26.71,8,1348,2,광교하이니티,41117,수원시 영통구,이의동
667,2013,26.71,9,1348,2,광교하이니티,41117,수원시 영통구,이의동
668,2013,26.71,10,1348,2,광교하이니티,41117,수원시 영통구,이의동
669,2013,27.24,6,1348,2,광교하이니티,41117,수원시 영통구,이의동
670,2013,27.24,7,1348,2,광교하이니티,41117,수원시 영통구,이의동
671,2013,27.24,8,1348,2,광교하이니티,41117,수원시 영통구,이의동
672,2013,27.24,10,1348,2,광교하이니티,41117,수원시 영통구,이의동
673,2013,27.66,8,1257,4,광교 파인렉스2,41117,수원시 영통구,이의동
674,2013,28.32,8,1348,2,광교하이니티,41117,수원시 영통구,이의동
675,2013,28.83,5,1257,3,Eastern Tower,41117,수원시 영통구,이의동
676,2013,28.83,6,1257,3,Eastern Tower,41117,수원시 영통구,이의동
677,2013,28.83,7,1257,3,Eastern Tower,41117,수원시 영통구,이의동
678,2013,28.83,8,1257,3,Eastern Tower,41117,수원시 영통구,이의동
679,2013,28.83,9,1257,3,Eastern Tower,41117,수원시 영통구,이의동
680,2013,28.83,10,1257,3,Eastern Tower,41117,수원시 영통구,이의동
681,2013,36.04,5,1257,3,Eastern Tower,41117,수원시 영통구,이의동
682,2013,36.04,6,1257,3,Eastern Tower,41117,수원시 영통구,이의동
683,2013,36.04,10,1257,3,Eastern Tower,41117,수원시 영통구,이의동
684,2013,47.98,2,6,7,(6-7),41115,수원시 팔달구,고등동
685,2014,22.44,4,1349,0,광교 더로프트,41117,수원시 영통구,이의동
686,2014,22.84,4,1258,0,광교에코푸르지오시티 A동,41117,수원시 영통구,이의동
687,2014,22.84,5,1258,0,광교에코푸르지오시티 A동,41117,수원시 영통구,이의동
688,2014,22.84,6,1258,0,광교에코푸르지오시티 A동,41117,수원시 영통구,이의동
689,2014,22.84,7,1258,0,광교에코푸르지오시티 A동,41117,수원시 영통구,이의동
690,2014,22.84,8,1258,0,광교에코푸르지오시티 A동,41117,수원시 영통구,이의동
691,2014,22.84,9,1258,0,광교에코푸르지오시티 A동,41117,수원시 영통구,이의동
692,2014,22.84,10,1258,0,광교에코푸르지오시티 A동,41117,수원시 영통구,이의동
693,2014,24.44,3,1257,1,광교에코푸르지오시티 B동,41117,수원시 영통구,이의동
694,2014,24.44,4,1257,1,광교에코푸르지오시티 B동,41117,수원시 영통구,이의동
695,2014,24.44,5,1257,1,광교에코푸르지오시티 B동,41117,수원시 영통구,이의동
696,2014,24.44,6,1257,1,광교에코푸르지오시티 B동,41117,수원시 영통구,이의동
697,2014,24.44,7,1257,1,광교에코푸르지오시티 B동,41117,수원시 영통구,이의동
698,2014,24.44,8,1257,1,광교에코푸르지오시티 B동,41117,수원시 영통구,이의동
699,2014,24.44,10,1257,1,광교에코푸르지오시티 B동,41117,수원시 영통구,이의동
700,2014,24.97,3,1352,0,에듀하임1309오피스텔,41117,수원시 영통구,이의동
701,2014,24.97,4,1352,0,에듀하임1309오피스텔,41117,수원시 영통구,이의동
702,2014,24.97,5,1352,0,에듀하임1309오피스텔,41117,수원시 영통구,이의동
703,2014,24.97,6,1352,0,에듀하임1309오피스텔,41117,수원시 영통구,이의동
704,2014,24.97,7,1352,0,에듀하임1309오피스텔,41117,수원시 영통구,이의동
705,2014,24.97,8,1352,0,에듀하임1309오피스텔,41117,수원시 영통구,이의동
706,2014,24.97,9,1352,0,에듀하임1309오피스텔,41117,수원시 영통구,이의동
707,2014,24.97,10,1352,0,에듀하임1309오피스텔,41117,수원시 영통구,이의동
708,2014,24.97,11,1352,0,에듀하임1309오피스텔,41117,수원시 영통구,이의동
709,2014,24.97,12,1352,0,에듀하임1309오피스텔,41117,수원시 영통구,이의동
710,2014,24.97,13,1352,0,에듀하임1309오피스텔,41117,수원시 영통구,이의동
711,2014,24.97,14,1352,0,에듀하임1309오피스텔,41117,수원시 영통구,이의동
712,2014,24.97,15,1352,0,에듀하임1309오피스텔,41117,수원시 영통구,이의동
713,2014,24.98,5,1352,0,에듀하임1309오피스텔,41117,수원시 영통구,이의동
714,2014,24.98,6,1352,0,에듀하임1309오피스텔,41117,수원시 영통구,이의동
715,2014,24.98,7,1352,0,에듀하임1309오피스텔,41117,수원시 영통구,이의동
716,2014,24.98,8,1352,0,에듀하임1309오피스텔,41117,수원시 영통구,이의동
717,2014,24.98,9,1352,0,에듀하임1309오피스텔,41117,수원시 영통구,이의동
718,2014,24.98,10,1352,0,에듀하임1309오피스텔,41117,수원시 영통구,이의동
719,2014,24.98,11,1352,0,에듀하임1309오피스텔,41117,수원시 영통구,이의동
720,2014,24.98,12,1352,0,에듀하임1309오피스텔,41117,수원시 영통구,이의동
721,2014,24.98,14,1352,0,에듀하임1309오피스텔,41117,수원시 영통구,이의동
722,2014,24.98,15,1352,0,에듀하임1309오피스텔,41117,수원시 영통구,이의동
723,2014,31.32,7,1257,1,광교에코푸르지오시티 B동,41117,수원시 영통구,이의동
724,2014,38.83,3,1257,1,광교에코푸르지오시티 B동,41117,수원시 영통구,이의동
725,2014,38.83,7,1257,1,광교에코푸르지오시티 B동,41117,수원시 영통구,이의동
726,2014,38.85,6,1257,1,광교에코푸르지오시티 B동,41117,수원시 영통구,이의동
727,2014,39.4,6,1257,1,광교에코푸르지오시티 B동,41117,수원시 영통구,이의동
728,2014,39.4,10,1257,1,광교에코푸르지오시티 B동,41117,수원시 영통구,이의동
729,2014,40.7,7,1258,0,광교에코푸르지오시티 A동,41117,수원시 영통구,이의동
730,2014,40.81,3,1258,0,광교에코푸르지오시티 A동,41117,수원시 영통구,이의동
731,2014,40.81,7,1258,0,광교에코푸르지오시티 A동,41117,수원시 영통구,이의동
732,2014,41.05,6,1258,0,광교에코푸르지오시티 A동,41117,수원시 영통구,이의동
733,2014,41.05,10,1258,0,광교에코푸르지오시티 A동,41117,수원시 영통구,이의동
734,2014,42.29,7,1258,0,광교에코푸르지오시티 A동,41117,수원시 영통구,이의동
735,2014,42.42,6,1258,0,광교에코푸르지오시티 A동,41117,수원시 영통구,이의동
736,2014,46.91,1,1352,0,에듀하임1309오피스텔,41117,수원시 영통구,이의동
737,2014,46.91,2,1352,0,에듀하임1309오피스텔,41117,수원시 영통구,이의동
738,2014,46.91,3,1352,0,에듀하임1309오피스텔,41117,수원시 영통구,이의동
739,2014,46.91,4,1352,0,에듀하임1309오피스텔,41117,수원시 영통구,이의동
740,2014,46.91,5,1352,0,에듀하임1309오피스텔,41117,수원시 영통구,이의동
741,2014,46.91,6,1352,0,에듀하임1309오피스텔,41117,수원시 영통구,이의동
742,2014,46.91,7,1352,0,에듀하임1309오피스텔,41117,수원시 영통구,이의동
743,2014,46.91,8,1352,0,에듀하임1309오피스텔,41117,수원시 영통구,이의동
744,2014,46.91,9,1352,0,에듀하임1309오피스텔,41117,수원시 영통구,이의동
745,2014,46.91,10,1352,0,에듀하임1309오피스텔,41117,수원시 영통구,이의동
746,2014,46.91,11,1352,0,에듀하임1309오피스텔,41117,수원시 영통구,이의동
747,2014,46.91,12,1352,0,에듀하임1309오피스텔,41117,수원시 영통구,이의동
748,2014,46.91,13,1352,0,에듀하임1309오피스텔,41117,수원시 영통구,이의동
749,2014,46.91,14,1352,0,에듀하임1309오피스텔,41117,수원시 영통구,이의동
750,2014,46.91,15,1352,0,에듀하임1309오피스텔,41117,수원시 영통구,이의동
751,2014,62.99,1,1352,0,에듀하임1309오피스텔,41117,수원시 영통구,이의동
752,2014,62.99,2,1352,0,에듀하임1309오피스텔,41117,수원시 영통구,이의동
753,2014,62.99,3,1352,0,에듀하임1309오피스텔,41117,수원시 영통구,이의동
754,2014,62.99,4,1352,0,에듀하임1309오피스텔,41117,수원시 영통구,이의동
755,2014,62.99,5,1352,0,에듀하임1309오피스텔,41117,수원시 영통구,이의동
756,2014,62.99,6,1352,0,에듀하임1309오피스텔,41117,수원시 영통구,이의동
757,2014,62.99,7,1352,0,에듀하임1309오피스텔,41117,수원시 영통구,이의동
758,2014,62.99,8,1352,0,에듀하임1309오피스텔,41117,수원시 영통구,이의동
759,2014,62.99,9,1352,0,에듀하임1309오피스텔,41117,수원시 영통구,이의동
760,2014,62.99,10,1352,0,에듀하임1309오피스텔,41117,수원시 영통구,이의동
761,2014,62.99,11,1352,0,에듀하임1309오피스텔,41117,수원시 영통구,이의동
762,2014,62.99,12,1352,0,에듀하임1309오피스텔,41117,수원시 영통구,이의동
763,2014,62.99,13,1352,0,에듀하임1309오피스텔,41117,수원시 영통구,이의동
764,2014,62.99,14,1352,0,에듀하임1309오피스텔,41117,수원시 영통구,이의동
765,2015,17.73,7,1258,1,킴앤코 시티하임II,41117,수원시 영통구,이의동
766,2015,17.73,8,1258,1,킴앤코 시티하임II,41117,수원시 영통구,이의동
767,2015,17.73,9,1258,1,킴앤코 시티하임II,41117,수원시 영통구,이의동
768,2015,21.19,6,1258,1,킴앤코 시티하임II,41117,수원시 영통구,이의동
769,2015,21.19,9,1258,1,킴앤코 시티하임II,41117,수원시 영통구,이의동
770,2015,22.18,6,1258,1,킴앤코 시티하임II,41117,수원시 영통구,이의동
771,2015,22.18,7,1258,1,킴앤코 시티하임II,41117,수원시 영통구,이의동
772,2015,22.18,8,1258,1,킴앤코 시티하임II,41117,수원시 영통구,이의동
773,2015,22.18,9,1258,1,킴앤코 시티하임II,41117,수원시 영통구,이의동
774,2015,22.28,11,1338,0,광교센트럴푸르지오시티,41117,수원시 영통구,이의동
775,2015,22.28,12,1338,0,광교센트럴푸르지오시티,41117,수원시 영통구,이의동
776,2015,22.28,14,1338,0,광교센트럴푸르지오시티,41117,수원시 영통구,이의동
777,2015,22.28,15,1338,0,광교센트럴푸르지오시티,41117,수원시 영통구,이의동
778,2015,22.62,4,1338,0,광교센트럴푸르지오시티,41117,수원시 영통구,이의동
779,2015,22.62,5,1338,0,광교센트럴푸르지오시티,41117,수원시 영통구,이의동
780,2015,22.62,6,1338,0,광교센트럴푸르지오시티,41117,수원시 영통구,이의동
781,2015,22.62,7,1338,0,광교센트럴푸르지오시티,41117,수원시 영통구,이의동
782,2015,22.62,8,1338,0,광교센트럴푸르지오시티,41117,수원시 영통구,이의동
783,2015,22.62,9,1338,0,광교센트럴푸르지오시티,41117,수원시 영통구,이의동
784,2015,22.62,10,1338,0,광교센트럴푸르지오시티,41117,수원시 영통구,이의동
785,2015,22.62,11,1338,0,광교센트럴푸르지오시티,41117,수원시 영통구,이의동
786,2015,22.62,12,1338,0,광교센트럴푸르지오시티,41117,수원시 영통구,이의동
787,2015,22.62,13,1338,0,광교센트럴푸르지오시티,41117,수원시 영통구,이의동
788,2015,22.62,14,1338,0,광교센트럴푸르지오시티,41117,수원시 영통구,이의동
789,2015,22.62,15,1338,0,광교센트럴푸르지오시티,41117,수원시 영통구,이의동
790,2015,22.99,10,1338,0,광교센트럴푸르지오시티,41117,수원시 영통구,이의동
791,2015,22.99,11,1338,0,광교센트럴푸르지오시티,41117,수원시 영통구,이의동
792,2015,22.99,16,1338,0,광교센트럴푸르지오시티,41117,수원시 영통구,이의동
793,2015,23.22,7,1338,0,광교센트럴푸르지오시티,41117,수원시 영통구,이의동
794,2015,23.22,8,1338,0,광교센트럴푸르지오시티,41117,수원시 영통구,이의동
795,2015,23.22,14,1338,0,광교센트럴푸르지오시티,41117,수원시 영통구,이의동
796,2015,23.74,11,1338,0,광교센트럴푸르지오시티,41117,수원시 영통구,이의동
797,2015,23.74,13,1338,0,광교센트럴푸르지오시티,41117,수원시 영통구,이의동
798,2015,23.74,14,1338,0,광교센트럴푸르지오시티,41117,수원시 영통구,이의동
799,2015,24.11,4,1338,0,광교센트럴푸르지오시티,41117,수원시 영통구,이의동
800,2015,24.11,5,1338,0,광교센트럴푸르지오시티,41117,수원시 영통구,이의동
801,2015,24.11,6,1338,0,광교센트럴푸르지오시티,41117,수원시 영통구,이의동
802,2015,24.11,7,1338,0,광교센트럴푸르지오시티,41117,수원시 영통구,이의동
803,2015,24.11,8,1338,0,광교센트럴푸르지오시티,41117,수원시 영통구,이의동
804,2015,24.11,9,1338,0,광교센트럴푸르지오시티,41117,수원시 영통구,이의동
805,2015,24.11,10,1338,0,광교센트럴푸르지오시티,41117,수원시 영통구,이의동
806,2015,24.11,11,1338,0,광교센트럴푸르지오시티,41117,수원시 영통구,이의동
807,2015,24.11,12,1338,0,광교센트럴푸르지오시티,41117,수원시 영통구,이의동
808,2015,24.11,13,1338,0,광교센트럴푸르지오시티,41117,수원시 영통구,이의동
809,2015,24.11,14,1338,0,광교센트럴푸르지오시티,41117,수원시 영통구,이의동
810,2015,24.11,15,1338,0,광교센트럴푸르지오시티,41117,수원시 영통구,이의동
811,2015,26.16,3,1332,0,"광교C1 호반베르디움, Summit Place광교",41117,수원시 영통구,이의동
812,2015,26.16,4,1332,0,"광교C1 호반베르디움, Summit Place광교",41117,수원시 영통구,이의동
813,2015,26.16,5,1332,0,"광교C1 호반베르디움, Summit Place광교",41117,수원시 영통구,이의동
814,2015,26.16,6,1332,0,"광교C1 호반베르디움, Summit Place광교",41117,수원시 영통구,이의동
815,2015,26.16,7,1332,0,"광교C1 호반베르디움, Summit Place광교",41117,수원시 영통구,이의동
816,2015,26.16,8,1332,0,"광교C1 호반베르디움, Summit Place광교",41117,수원시 영통구,이의동
817,2015,26.16,9,1332,0,"광교C1 호반베르디움, Summit Place광교",41117,수원시 영통구,이의동
818,2015,26.16,10,1332,0,"광교C1 호반베르디움, Summit Place광교",41117,수원시 영통구,이의동
819,2015,26.16,12,1332,0,"광교C1 호반베르디움, Summit Place광교",41117,수원시 영통구,이의동
820,2015,27.48,4,1338,0,광교센트럴푸르지오시티,41117,수원시 영통구,이의동
821,2015,27.48,5,1338,0,광교센트럴푸르지오시티,41117,수원시 영통구,이의동
822,2015,27.48,6,1338,0,광교센트럴푸르지오시티,41117,수원시 영통구,이의동
823,2015,27.48,7,1338,0,광교센트럴푸르지오시티,41117,수원시 영통구,이의동
824,2015,27.48,8,1338,0,광교센트럴푸르지오시티,41117,수원시 영통구,이의동
825,2015,27.48,9,1338,0,광교센트럴푸르지오시티,41117,수원시 영통구,이의동
826,2015,27.48,10,1338,0,광교센트럴푸르지오시티,41117,수원시 영통구,이의동
827,2015,27.81,6,1338,0,광교센트럴푸르지오시티,41117,수원시 영통구,이의동
828,2015,27.81,9,1338,0,광교센트럴푸르지오시티,41117,수원시 영통구,이의동
829,2015,28.92,4,1338,0,광교센트럴푸르지오시티,41117,수원시 영통구,이의동
830,2015,28.92,6,1338,0,광교센트럴푸르지오시티,41117,수원시 영통구,이의동
831,2015,28.92,7,1338,0,광교센트럴푸르지오시티,41117,수원시 영통구,이의동
832,2015,28.92,8,1338,0,광교센트럴푸르지오시티,41117,수원시 영통구,이의동
833,2015,28.92,9,1338,0,광교센트럴푸르지오시티,41117,수원시 영통구,이의동
834,2015,28.92,10,1338,0,광교센트럴푸르지오시티,41117,수원시 영통구,이의동
835,2015,29.09,5,1332,0,"광교C1 호반베르디움, Summit Place광교",41117,수원시 영통구,이의동
836,2015,29.09,6,1332,0,"광교C1 호반베르디움, Summit Place광교",41117,수원시 영통구,이의동
837,2015,29.09,8,1332,0,"광교C1 호반베르디움, Summit Place광교",41117,수원시 영통구,이의동
838,2015,29.09,9,1332,0,"광교C1 호반베르디움, Summit Place광교",41117,수원시 영통구,이의동
839,2015,29.43,10,1338,0,광교센트럴푸르지오시티,41117,수원시 영통구,이의동
840,2015,29.72,5,1338,0,광교센트럴푸르지오시티,41117,수원시 영통구,이의동
841,2015,29.72,9,1338,0,광교센트럴푸르지오시티,41117,수원시 영통구,이의동
842,2015,29.72,10,1338,0,광교센트럴푸르지오시티,41117,수원시 영통구,이의동
843,2015,29.96,3,1332,0,"광교C1 호반베르디움, Summit Place광교",41117,수원시 영통구,이의동
844,2015,29.96,4,1332,0,"광교C1 호반베르디움, Summit Place광교",41117,수원시 영통구,이의동
845,2015,29.96,5,1332,0,"광교C1 호반베르디움, Summit Place광교",41117,수원시 영통구,이의동
846,2015,29.96,6,1332,0,"광교C1 호반베르디움, Summit Place광교",41117,수원시 영통구,이의동
847,2015,29.96,7,1332,0,"광교C1 호반베르디움, Summit Place광교",41117,수원시 영통구,이의동
848,2015,29.96,8,1332,0,"광교C1 호반베르디움, Summit Place광교",41117,수원시 영통구,이의동
849,2015,29.96,9,1332,0,"광교C1 호반베르디움, Summit Place광교",41117,수원시 영통구,이의동
850,2015,29.96,10,1332,0,"광교C1 호반베르디움, Summit Place광교",41117,수원시 영통구,이의동
851,2015,29.96,11,1332,0,"광교C1 호반베르디움, Summit Place광교",41117,수원시 영통구,이의동
852,2015,29.96,12,1332,0,"광교C1 호반베르디움, Summit Place광교",41117,수원시 영통구,이의동
853,2015,30.28,4,1338,0,광교센트럴푸르지오시티,41117,수원시 영통구,이의동
854,2015,30.28,5,1338,0,광교센트럴푸르지오시티,41117,수원시 영통구,이의동
855,2015,30.28,6,1338,0,광교센트럴푸르지오시티,41117,수원시 영통구,이의동
856,2015,30.28,7,1338,0,광교센트럴푸르지오시티,41117,수원시 영통구,이의동
857,2015,30.28,8,1338,0,광교센트럴푸르지오시티,41117,수원시 영통구,이의동
858,2015,30.28,9,1338,0,광교센트럴푸르지오시티,41117,수원시 영통구,이의동
859,2015,30.28,10,1338,0,광교센트럴푸르지오시티,41117,수원시 영통구,이의동
860,2015,31.04,5,1338,0,광교센트럴푸르지오시티,41117,수원시 영통구,이의동
861,2015,31.04,6,1338,0,광교센트럴푸르지오시티,41117,수원시 영통구,이의동
862,2015,31.17,11,1338,0,광교센트럴푸르지오시티,41117,수원시 영통구,이의동
863,2015,31.17,12,1338,0,광교센트럴푸르지오시티,41117,수원시 영통구,이의동
864,2015,31.17,13,1338,0,광교센트럴푸르지오시티,41117,수원시 영통구,이의동
865,2015,31.17,14,1338,0,광교센트럴푸르지오시티,41117,수원시 영통구,이의동
866,2015,31.17,15,1338,0,광교센트럴푸르지오시티,41117,수원시 영통구,이의동
867,2015,31.17,16,1338,0,광교센트럴푸르지오시티,41117,수원시 영통구,이의동
868,2015,31.17,17,1338,0,광교센트럴푸르지오시티,41117,수원시 영통구,이의동
869,2015,31.33,11,1338,0,광교센트럴푸르지오시티,41117,수원시 영통구,이의동
870,2015,31.33,14,1338,0,광교센트럴푸르지오시티,41117,수원시 영통구,이의동
871,2015,31.33,16,1338,0,광교센트럴푸르지오시티,41117,수원시 영통구,이의동
872,2015,31.33,17,1338,0,광교센트럴푸르지오시티,41117,수원시 영통구,이의동
873,2015,32.45,6,1332,0,"광교C1 호반베르디움, Summit Place광교",41117,수원시 영통구,이의동
874,2015,32.45,12,1332,0,"광교C1 호반베르디움, Summit Place광교",41117,수원시 영통구,이의동
875,2015,33.77,15,1338,0,광교센트럴푸르지오시티,41117,수원시 영통구,이의동
876,2015,34.06,11,1338,0,광교센트럴푸르지오시티,41117,수원시 영통구,이의동
877,2015,34.06,13,1338,0,광교센트럴푸르지오시티,41117,수원시 영통구,이의동
878,2015,34.06,14,1338,0,광교센트럴푸르지오시티,41117,수원시 영통구,이의동
879,2015,34.06,15,1338,0,광교센트럴푸르지오시티,41117,수원시 영통구,이의동
880,2015,34.06,16,1338,0,광교센트럴푸르지오시티,41117,수원시 영통구,이의동
881,2015,34.06,17,1338,0,광교센트럴푸르지오시티,41117,수원시 영통구,이의동
882,2015,34.32,15,1338,0,광교센트럴푸르지오시티,41117,수원시 영통구,이의동
883,2015,34.32,17,1338,0,광교센트럴푸르지오시티,41117,수원시 영통구,이의동
884,2015,36.69,3,1331,0,광교 푸르지오 월드마크,41117,수원시 영통구,이의동
885,2015,36.69,4,1331,0,광교 푸르지오 월드마크,41117,수원시 영통구,이의동
886,2015,36.69,6,1331,0,광교 푸르지오 월드마크,41117,수원시 영통구,이의동
887,2015,36.69,9,1331,0,광교 푸르지오 월드마크,41117,수원시 영통구,이의동
888,2015,36.69,10,1331,0,광교 푸르지오 월드마크,41117,수원시 영통구,이의동
889,2015,36.78,11,1338,0,광교센트럴푸르지오시티,41117,수원시 영통구,이의동
890,2015,36.78,12,1338,0,광교센트럴푸르지오시티,41117,수원시 영통구,이의동
891,2015,36.78,13,1338,0,광교센트럴푸르지오시티,41117,수원시 영통구,이의동
892,2015,36.78,14,1338,0,광교센트럴푸르지오시티,41117,수원시 영통구,이의동
893,2015,36.78,15,1338,0,광교센트럴푸르지오시티,41117,수원시 영통구,이의동
894,2015,36.78,16,1338,0,광교센트럴푸르지오시티,41117,수원시 영통구,이의동
895,2015,36.78,17,1338,0,광교센트럴푸르지오시티,41117,수원시 영통구,이의동
896,2015,37.19,14,1338,0,광교센트럴푸르지오시티,41117,수원시 영통구,이의동
897,2015,38.97,17,1338,0,광교센트럴푸르지오시티,41117,수원시 영통구,이의동
898,2015,39.3,17,1338,0,광교센트럴푸르지오시티,41117,수원시 영통구,이의동
899,2015,39.31,16,1338,0,광교센트럴푸르지오시티,41117,수원시 영통구,이의동
900,2015,39.31,17,1338,0,광교센트럴푸르지오시티,41117,수원시 영통구,이의동
901,2015,39.9,17,1338,0,광교센트럴푸르지오시티,41117,수원시 영통구,이의동
902,2015,41.91,16,1338,0,광교센트럴푸르지오시티,41117,수원시 영통구,이의동
903,2015,41.91,17,1338,0,광교센트럴푸르지오시티,41117,수원시 영통구,이의동
904,2015,42.28,16,1338,0,광교센트럴푸르지오시티,41117,수원시 영통구,이의동
905,2015,42.28,17,1338,0,광교센트럴푸르지오시티,41117,수원시 영통구,이의동
906,2015,84.68,2,1014,0,광교 힐스테이트 레이크,41117,수원시 영통구,하동
907,2015,84.68,3,1014,0,광교 힐스테이트 레이크,41117,수원시 영통구,하동
908,2015,84.68,4,1014,0,광교 힐스테이트 레이크,41117,수원시 영통구,하동
909,2015,84.68,5,1014,0,광교 힐스테이트 레이크,41117,수원시 영통구,하동
910,2015,84.68,6,1014,0,광교 힐스테이트 레이크,41117,수원시 영통구,하동
911,2015,84.68,8,1014,0,광교 힐스테이트 레이크,41117,수원시 영통구,하동
912,2015,84.68,9,1014,0,광교 힐스테이트 레이크,41117,수원시 영통구,하동
913,2015,84.68,10,1014,0,광교 힐스테이트 레이크,41117,수원시 영통구,하동
914,2015,84.68,11,1014,0,광교 힐스테이트 레이크,41117,수원시 영통구,하동
915,2015,84.68,12,1014,0,광교 힐스테이트 레이크,41117,수원시 영통구,하동
916,2015,84.68,13,1014,0,광교 힐스테이트 레이크,41117,수원시 영통구,하동
917,2015,84.68,14,1014,0,광교 힐스테이트 레이크,41117,수원시 영통구,하동
918,2015,84.68,15,1014,0,광교 힐스테이트 레이크,41117,수원시 영통구,하동
919,2015,84.68,16,1014,0,광교 힐스테이트 레이크,41117,수원시 영통구,하동
920,2015,84.68,17,1014,0,광교 힐스테이트 레이크,41117,수원시 영통구,하동
921,2015,84.68,18,1014,0,광교 힐스테이트 레이크,41117,수원시 영통구,하동
922,2015,84.68,19,1014,0,광교 힐스테이트 레이크,41117,수원시 영통구,하동
923,2015,84.68,20,1014,0,광교 힐스테이트 레이크,41117,수원시 영통구,하동
924,2015,84.68,22,1014,0,광교 힐스테이트 레이크,41117,수원시 영통구,하동
925,2015,84.68,23,1014,0,광교 힐스테이트 레이크,41117,수원시 영통구,하동
926,2015,84.68,24,1014,0,광교 힐스테이트 레이크,41117,수원시 영통구,하동
927,2015,84.68,25,1014,0,광교 힐스테이트 레이크,41117,수원시 영통구,하동
928,2015,84.68,26,1014,0,광교 힐스테이트 레이크,41117,수원시 영통구,하동
929,2015,84.68,27,1014,0,광교 힐스테이트 레이크,41117,수원시 영통구,하동
930,2015,84.68,28,1014,0,광교 힐스테이트 레이크,41117,수원시 영통구,하동
931,2015,84.68,31,1014,0,광교 힐스테이트 레이크,41117,수원시 영통구,하동
932,2015,84.68,32,1014,0,광교 힐스테이트 레이크,41117,수원시 영통구,하동
933,2015,84.68,34,1014,0,광교 힐스테이트 레이크,41117,수원시 영통구,하동
934,2015,84.68,35,1014,0,광교 힐스테이트 레이크,41117,수원시 영통구,하동
935,2015,84.68,36,1014,0,광교 힐스테이트 레이크,41117,수원시 영통구,하동
936,2015,84.68,37,1014,0,광교 힐스테이트 레이크,41117,수원시 영통구,하동
937,2015,84.68,39,1014,0,광교 힐스테이트 레이크,41117,수원시 영통구,하동
938,2015,84.83,2,1014,0,광교 힐스테이트 레이크,41117,수원시 영통구,하동
939,2015,84.83,3,1014,0,광교 힐스테이트 레이크,41117,수원시 영통구,하동
940,2015,84.83,4,1014,0,광교 힐스테이트 레이크,41117,수원시 영통구,하동
941,2015,84.83,5,1014,0,광교 힐스테이트 레이크,41117,수원시 영통구,하동
942,2015,84.83,6,1014,0,광교 힐스테이트 레이크,41117,수원시 영통구,하동
943,2015,84.83,7,1014,0,광교 힐스테이트 레이크,41117,수원시 영통구,하동
944,2015,84.83,9,1014,0,광교 힐스테이트 레이크,41117,수원시 영통구,하동
945,2015,84.83,10,1014,0,광교 힐스테이트 레이크,41117,수원시 영통구,하동
946,2015,84.83,11,1014,0,광교 힐스테이트 레이크,41117,수원시 영통구,하동
947,2015,84.83,12,1014,0,광교 힐스테이트 레이크,41117,수원시 영통구,하동
948,2015,84.83,13,1014,0,광교 힐스테이트 레이크,41117,수원시 영통구,하동
949,2015,84.83,14,1014,0,광교 힐스테이트 레이크,41117,수원시 영통구,하동
950,2015,84.83,15,1014,0,광교 힐스테이트 레이크,41117,수원시 영통구,하동
951,2015,84.83,16,1014,0,광교 힐스테이트 레이크,41117,수원시 영통구,하동
952,2015,84.83,17,1014,0,광교 힐스테이트 레이크,41117,수원시 영통구,하동
953,2015,84.83,18,1014,0,광교 힐스테이트 레이크,41117,수원시 영통구,하동
954,2015,84.83,19,1014,0,광교 힐스테이트 레이크,41117,수원시 영통구,하동
955,2015,84.83,20,1014,0,광교 힐스테이트 레이크,41117,수원시 영통구,하동
956,2015,84.83,21,1014,0,광교 힐스테이트 레이크,41117,수원시 영통구,하동
957,2015,84.83,22,1014,0,광교 힐스테이트 레이크,41117,수원시 영통구,하동
958,2015,84.83,23,1014,0,광교 힐스테이트 레이크,41117,수원시 영통구,하동
959,2015,84.83,24,1014,0,광교 힐스테이트 레이크,41117,수원시 영통구,하동
960,2015,84.83,25,1014,0,광교 힐스테이트 레이크,41117,수원시 영통구,하동
961,2015,84.83,26,1014,0,광교 힐스테이트 레이크,41117,수원시 영통구,하동
962,2015,84.83,28,1014,0,광교 힐스테이트 레이크,41117,수원시 영통구,하동
963,2015,84.83,29,1014,0,광교 힐스테이트 레이크,41117,수원시 영통구,하동
964,2015,84.83,30,1014,0,광교 힐스테이트 레이크,41117,수원시 영통구,하동
965,2015,84.83,32,1014,0,광교 힐스테이트 레이크,41117,수원시 영통구,하동
966,2015,84.83,33,1014,0,광교 힐스테이트 레이크,41117,수원시 영통구,하동
967,2015,84.83,34,1014,0,광교 힐스테이트 레이크,41117,수원시 영통구,하동
968,2015,84.83,35,1014,0,광교 힐스테이트 레이크,41117,수원시 영통구,하동
969,2015,84.83,36,1014,0,광교 힐스테이트 레이크,41117,수원시 영통구,하동
970,2015,84.83,38,1014,0,광교 힐스테이트 레이크,41117,수원시 영통구,하동
971,2015,117.71,29,1014,0,광교 힐스테이트 레이크,41117,수원시 영통구,하동
972,2016,80.55,5,544,54,Lee Do Park View,41113,수원시 권선구,세류동
973,2017,20.06,15,998,7,(998-7),41117,수원시 영통구,영통동
974,2017,24.38,6,998,7,(998-7),41117,수원시 영통구,영통동
975,2017,24.38,7,998,7,(998-7),41117,수원시 영통구,영통동
976,2017,24.38,8,998,7,(998-7),41117,수원시 영통구,영통동
977,2017,24.38,9,998,7,(998-7),41117,수원시 영통구,영통동
978,2017,24.38,10,998,7,(998-7),41117,수원시 영통구,영통동
979,2017,24.38,11,998,7,(998-7),41117,수원시 영통구,영통동
980,2017,24.38,12,998,7,(998-7),41117,수원시 영통구,영통동
981,2017,24.38,13,998,7,(998-7),41117,수원시 영통구,영통동
982,2017,24.38,14,998,7,(998-7),41117,수원시 영통구,영통동
983,2017,24.38,15,998,7,(998-7),41117,수원시 영통구,영통동
984,2017,24.48,4,1118,1,세종타운721,41113,수원시 권선구,금곡동
985,2017,24.48,5,1118,1,세종타운721,41113,수원시 권선구,금곡동
986,2017,24.48,6,1118,1,세종타운721,41113,수원시 권선구,금곡동
987,2017,24.48,7,1118,1,세종타운721,41113,수원시 권선구,금곡동
988,2017,24.48,8,1118,1,세종타운721,41113,수원시 권선구,금곡동
989,2017,24.48,9,1118,1,세종타운721,41113,수원시 권선구,금곡동
990,2017,24.48,10,1118,1,세종타운721,41113,수원시 권선구,금곡동
991,2017,24.6,7,1118,1,세종타운721,41113,수원시 권선구,금곡동
992,2017,24.6,8,1118,1,세종타운721,41113,수원시 권선구,금곡동
993,2017,25.5,5,998,7,(998-7),41117,수원시 영통구,영통동
994,2017,25.5,12,998,7,(998-7),41117,수원시 영통구,영통동
995,2017,25.5,13,998,7,(998-7),41117,수원시 영통구,영통동
996,2017,25.5,14,998,7,(998-7),41117,수원시 영통구,영통동
997,2017,25.59,9,998,7,(998-7),41117,수원시 영통구,영통동
998,2017,25.59,11,998,7,(998-7),41117,수원시 영통구,영통동
999,2017,25.72,4,1118,1,세종타운721,41113,수원시 권선구,금곡동
1000,2017,25.72,5,1118,1,세종타운721,41113,수원시 권선구,금곡동
1001,2017,25.72,6,1118,1,세종타운721,41113,수원시 권선구,금곡동
1002,2017,25.72,7,1118,1,세종타운721,41113,수원시 권선구,금곡동
1003,2017,25.72,8,1118,1,세종타운721,41113,수원시 권선구,금곡동
1004,2017,25.72,9,1118,1,세종타운721,41113,수원시 권선구,금곡동
1005,2017,25.72,10,1118,1,세종타운721,41113,수원시 권선구,금곡동
1006,2017,27.36,8,1118,1,세종타운721,41113,수원시 권선구,금곡동
1007,2017,29.43,9,1118,1,세종타운721,41113,수원시 권선구,금곡동
1008,2017,29.69,4,1118,8,라비채빌딩,41115,수원시 팔달구,인계동
1009,2017,29.69,5,1118,8,라비채빌딩,41115,수원시 팔달구,인계동
1010,2017,29.69,6,1118,8,라비채빌딩,41115,수원시 팔달구,인계동
1011,2017,29.69,7,1118,8,라비채빌딩,41115,수원시 팔달구,인계동
1012,2017,29.69,8,1118,8,라비채빌딩,41115,수원시 팔달구,인계동
1013,2017,32.12,3,1118,8,라비채빌딩,41115,수원시 팔달구,인계동
1014,2017,45.59,3,1113,5,로얄팰리스,41113,수원시 권선구,금곡동
1015,2017,45.59,5,1113,5,로얄팰리스,41113,수원시 권선구,금곡동
1016,2017,45.59,6,1113,5,로얄팰리스,41113,수원시 권선구,금곡동
1017,2017,45.59,7,1113,5,로얄팰리스,41113,수원시 권선구,금곡동
1018,2017,45.59,8,1113,5,로얄팰리스,41113,수원시 권선구,금곡동
1019,2017,45.59,10,1113,5,로얄팰리스,41113,수원시 권선구,금곡동
1020,2017,47.61,5,1113,5,로얄팰리스,41113,수원시 권선구,금곡동
1021,2017,50.57,3,1113,5,로얄팰리스,41113,수원시 권선구,금곡동
1022,2017,50.57,4,1113,5,로얄팰리스,41113,수원시 권선구,금곡동
1023,2017,50.57,7,1113,5,로얄팰리스,41113,수원시 권선구,금곡동
1024,2017,50.57,9,1113,5,로얄팰리스,41113,수원시 권선구,금곡동
1025,2017,50.57,10,1113,5,로얄팰리스,41113,수원시 권선구,금곡동
1026,2017,73.69,2,542,3,Lee Do Park View 101,41113,수원시 권선구,세류동
1027,2018,20.43,3,1351,6,광교유니코어,41117,수원시 영통구,이의동
1028,2018,20.43,4,1351,6,광교유니코어,41117,수원시 영통구,이의동
1029,2018,20.43,5,1351,6,광교유니코어,41117,수원시 영통구,이의동
1030,2018,20.43,6,1351,6,광교유니코어,41117,수원시 영통구,이의동
1031,2018,20.43,7,1351,6,광교유니코어,41117,수원시 영통구,이의동
1032,2018,20.43,8,1351,6,광교유니코어,41117,수원시 영통구,이의동
1033,2018,20.43,9,1351,6,광교유니코어,41117,수원시 영통구,이의동
1034,2018,20.43,10,1351,6,광교유니코어,41117,수원시 영통구,이의동
1035,2018,20.43,11,1351,6,광교유니코어,41117,수원시 영통구,이의동
1036,2018,20.43,12,1351,6,광교유니코어,41117,수원시 영통구,이의동
1037,2018,20.43,13,1351,6,광교유니코어,41117,수원시 영통구,이의동
1038,2018,20.43,14,1351,6,광교유니코어,41117,수원시 영통구,이의동
1039,2018,20.43,15,1351,6,광교유니코어,41117,수원시 영통구,이의동
1040,2018,21.4,3,1125,3,세종 헤르메스 오피스텔,41113,수원시 권선구,금곡동
1041,2018,21.4,4,1125,3,세종 헤르메스 오피스텔,41113,수원시 권선구,금곡동
1042,2018,21.4,5,1125,3,세종 헤르메스 오피스텔,41113,수원시 권선구,금곡동
1043,2018,21.4,7,1125,3,세종 헤르메스 오피스텔,41113,수원시 권선구,금곡동
1044,2018,21.4,8,1125,3,세종 헤르메스 오피스텔,41113,수원시 권선구,금곡동
1045,2018,21.58,4,1336,1,광교엘포트아이파크,41117,수원시 영통구,이의동
1046,2018,21.58,5,1336,1,광교엘포트아이파크,41117,수원시 영통구,이의동
1047,2018,21.58,6,1336,1,광교엘포트아이파크,41117,수원시 영통구,이의동
1048,2018,21.58,7,1336,1,광교엘포트아이파크,41117,수원시 영통구,이의동
1049,2018,21.58,8,1336,1,광교엘포트아이파크,41117,수원시 영통구,이의동
1050,2018,21.58,9,1336,1,광교엘포트아이파크,41117,수원시 영통구,이의동
1051,2018,21.58,10,1336,1,광교엘포트아이파크,41117,수원시 영통구,이의동
1052,2018,21.58,11,1336,1,광교엘포트아이파크,41117,수원시 영통구,이의동
1053,2018,21.58,12,1336,1,광교엘포트아이파크,41117,수원시 영통구,이의동
1054,2018,21.58,13,1336,1,광교엘포트아이파크,41117,수원시 영통구,이의동
1055,2018,21.58,14,1336,1,광교엘포트아이파크,41117,수원시 영통구,이의동
1056,2018,21.58,15,1336,1,광교엘포트아이파크,41117,수원시 영통구,이의동
1057,2018,21.58,16,1336,1,광교엘포트아이파크,41117,수원시 영통구,이의동
1058,2018,21.58,17,1336,1,광교엘포트아이파크,41117,수원시 영통구,이의동
1059,2018,21.58,18,1336,1,광교엘포트아이파크,41117,수원시 영통구,이의동
1060,2018,21.58,19,1336,1,광교엘포트아이파크,41117,수원시 영통구,이의동
1061,2018,21.58,20,1336,1,광교엘포트아이파크,41117,수원시 영통구,이의동
1062,2018,22.83,4,1336,1,광교엘포트아이파크,41117,수원시 영통구,이의동
1063,2018,22.83,5,1336,1,광교엘포트아이파크,41117,수원시 영통구,이의동
1064,2018,22.83,6,1336,1,광교엘포트아이파크,41117,수원시 영통구,이의동
1065,2018,22.83,7,1336,1,광교엘포트아이파크,41117,수원시 영통구,이의동
1066,2018,22.83,8,1336,1,광교엘포트아이파크,41117,수원시 영통구,이의동
1067,2018,22.83,9,1336,1,광교엘포트아이파크,41117,수원시 영통구,이의동
1068,2018,22.83,10,1336,1,광교엘포트아이파크,41117,수원시 영통구,이의동
1069,2018,22.83,11,1336,1,광교엘포트아이파크,41117,수원시 영통구,이의동
1070,2018,22.83,12,1336,1,광교엘포트아이파크,41117,수원시 영통구,이의동
1071,2018,22.83,13,1336,1,광교엘포트아이파크,41117,수원시 영통구,이의동
1072,2018,22.83,14,1336,1,광교엘포트아이파크,41117,수원시 영통구,이의동
1073,2018,22.83,15,1336,1,광교엘포트아이파크,41117,수원시 영통구,이의동
1074,2018,22.83,16,1336,1,광교엘포트아이파크,41117,수원시 영통구,이의동
1075,2018,22.83,17,1336,1,광교엘포트아이파크,41117,수원시 영통구,이의동
1076,2018,22.83,18,1336,1,광교엘포트아이파크,41117,수원시 영통구,이의동
1077,2018,22.83,19,1336,1,광교엘포트아이파크,41117,수원시 영통구,이의동
1078,2018,22.83,20,1336,1,광교엘포트아이파크,41117,수원시 영통구,이의동
1079,2018,22.88,6,1125,3,세종 헤르메스 오피스텔,41113,수원시 권선구,금곡동
1080,2018,22.88,8,1125,3,세종 헤르메스 오피스텔,41113,수원시 권선구,금곡동
1081,2018,26.25,4,1336,1,광교엘포트아이파크,41117,수원시 영통구,이의동
1082,2018,26.25,5,1336,1,광교엘포트아이파크,41117,수원시 영통구,이의동
1083,2018,26.25,6,1336,1,광교엘포트아이파크,41117,수원시 영통구,이의동
1084,2018,26.25,7,1336,1,광교엘포트아이파크,41117,수원시 영통구,이의동
1085,2018,26.25,8,1336,1,광교엘포트아이파크,41117,수원시 영통구,이의동
1086,2018,26.25,9,1336,1,광교엘포트아이파크,41117,수원시 영통구,이의동
1087,2018,26.25,10,1336,1,광교엘포트아이파크,41117,수원시 영통구,이의동
1088,2018,26.25,11,1336,1,광교엘포트아이파크,41117,수원시 영통구,이의동
1089,2018,26.25,12,1336,1,광교엘포트아이파크,41117,수원시 영통구,이의동
1090,2018,26.25,13,1336,1,광교엘포트아이파크,41117,수원시 영통구,이의동
1091,2018,26.25,14,1336,1,광교엘포트아이파크,41117,수원시 영통구,이의동
1092,2018,26.25,16,1336,1,광교엘포트아이파크,41117,수원시 영통구,이의동
1093,2018,26.25,17,1336,1,광교엘포트아이파크,41117,수원시 영통구,이의동
1094,2018,26.25,19,1336,1,광교엘포트아이파크,41117,수원시 영통구,이의동
1095,2018,26.25,20,1336,1,광교엘포트아이파크,41117,수원시 영통구,이의동
1096,2018,27.52,5,1125,3,세종 헤르메스 오피스텔,41113,수원시 권선구,금곡동
1097,2018,27.52,6,1125,3,세종 헤르메스 오피스텔,41113,수원시 권선구,금곡동
1098,2018,27.52,8,1125,3,세종 헤르메스 오피스텔,41113,수원시 권선구,금곡동
1099,2018,28.14,6,1336,1,광교엘포트아이파크,41117,수원시 영통구,이의동
1100,2018,28.14,10,1336,1,광교엘포트아이파크,41117,수원시 영통구,이의동
1101,2018,28.14,12,1336,1,광교엘포트아이파크,41117,수원시 영통구,이의동
1102,2018,28.14,16,1336,1,광교엘포트아이파크,41117,수원시 영통구,이의동
1103,2018,29.46,9,1336,1,광교엘포트아이파크,41117,수원시 영통구,이의동
1104,2018,29.71,5,1019,6,ELYSIA,41115,수원시 팔달구,인계동
1105,2018,34.21,5,1019,6,ELYSIA,41115,수원시 팔달구,인계동
1106,2018,38.65,14,1336,1,광교엘포트아이파크,41117,수원시 영통구,이의동
1107,2018,38.65,15,1336,1,광교엘포트아이파크,41117,수원시 영통구,이의동
1108,2018,38.65,16,1336,1,광교엘포트아이파크,41117,수원시 영통구,이의동
1109,2018,38.65,17,1336,1,광교엘포트아이파크,41117,수원시 영통구,이의동
1110,2018,38.65,18,1336,1,광교엘포트아이파크,41117,수원시 영통구,이의동
1111,2018,38.65,19,1336,1,광교엘포트아이파크,41117,수원시 영통구,이의동
1112,2018,38.65,20,1336,1,광교엘포트아이파크,41117,수원시 영통구,이의동
1113,2018,39.16,4,1336,1,광교엘포트아이파크,41117,수원시 영통구,이의동
1114,2018,39.16,11,1336,1,광교엘포트아이파크,41117,수원시 영통구,이의동
1115,2018,39.16,12,1336,1,광교엘포트아이파크,41117,수원시 영통구,이의동
1116,2018,39.16,14,1336,1,광교엘포트아이파크,41117,수원시 영통구,이의동
1117,2018,39.16,15,1336,1,광교엘포트아이파크,41117,수원시 영통구,이의동
1118,2018,39.16,17,1336,1,광교엘포트아이파크,41117,수원시 영통구,이의동
1119,2018,39.78,8,1336,1,광교엘포트아이파크,41117,수원시 영통구,이의동
1120,2018,39.78,10,1336,1,광교엘포트아이파크,41117,수원시 영통구,이의동
1121,2018,39.78,12,1336,1,광교엘포트아이파크,41117,수원시 영통구,이의동
1122,2018,42.84,8,1118,10,골든펠리체,41115,수원시 팔달구,인계동
1123,2018,43.28,8,1255,1,장안프라임 광교 Ⅱ,41117,수원시 영통구,이의동
1124,2018,46.72,4,1336,1,광교엘포트아이파크,41117,수원시 영통구,이의동
1125,2018,47.58,10,1336,1,광교엘포트아이파크,41117,수원시 영통구,이의동
1126,2018,47.58,11,1336,1,광교엘포트아이파크,41117,수원시 영통구,이의동
1127,2018,47.58,12,1336,1,광교엘포트아이파크,41117,수원시 영통구,이의동
1128,2018,47.58,13,1336,1,광교엘포트아이파크,41117,수원시 영통구,이의동
1129,2018,47.58,17,1336,1,광교엘포트아이파크,41117,수원시 영통구,이의동
1130,2018,47.58,18,1336,1,광교엘포트아이파크,41117,수원시 영통구,이의동
1131,2018,47.58,20,1336,1,광교엘포트아이파크,41117,수원시 영통구,이의동
1132,2018,53.49,5,1125,3,세종 헤르메스 오피스텔,41113,수원시 권선구,금곡동
1133,2018,82.58,7,533,104,건우까사빌,41111,수원시 장안구,정자동
1134,2018,84.54,5,533,104,건우까사빌,41111,수원시 장안구,정자동
1135,2018,84.95,5,593,0,광교아이파크,41117,수원시 영통구,원천동
1136,2018,84.95,7,593,0,광교아이파크,41117,수원시 영통구,원천동
1137,2018,84.95,9,593,0,광교아이파크,41117,수원시 영통구,원천동
1138,2018,84.95,15,593,0,광교아이파크,41117,수원시 영통구,원천동
1139,2018,84.95,21,593,0,광교아이파크,41117,수원시 영통구,원천동
1140,2018,84.95,23,593,0,광교아이파크,41117,수원시 영통구,원천동
1141,2019,27.55,8,1116,10,포인,41115,수원시 팔달구,인계동
1142,2019,28.69,4,1110,0,에이스카운티포유,41113,수원시 권선구,금곡동
1143,2019,29.4,8,921,11,라온지오피스텔,41113,수원시 권선구,구운동
1144,2019,29.4,9,921,11,라온지오피스텔,41113,수원시 권선구,구운동
1145,2019,29.4,10,921,11,라온지오피스텔,41113,수원시 권선구,구운동
1146,2019,29.4,13,921,11,라온지오피스텔,41113,수원시 권선구,구운동
1147,2019,30.14,3,921,11,라온지오피스텔,41113,수원시 권선구,구운동
1148,2019,30.78,6,921,11,라온지오피스텔,41113,수원시 권선구,구운동
1149,2019,37.61,2,1115,1,아주리센 테라스파크,41113,수원시 권선구,금곡동
1150,2019,41.29,8,1115,1,아주리센 테라스파크,41113,수원시 권선구,금곡동
1151,2019,43.85,10,1016,0,광교 효성해링턴 타워,41117,수원시 영통구,하동
1152,2019,43.85,13,1016,0,광교 효성해링턴 타워,41117,수원시 영통구,하동
1153,2019,43.85,16,1016,0,광교 효성해링턴 타워,41117,수원시 영통구,하동
1154,2019,43.85,17,1016,0,광교 효성해링턴 타워,41117,수원시 영통구,하동
1155,2019,43.85,18,1016,0,광교 효성해링턴 타워,41117,수원시 영통구,하동
1156,2019,43.85,20,1016,0,광교 효성해링턴 타워,41117,수원시 영통구,하동
1157,2019,43.85,21,1016,0,광교 효성해링턴 타워,41117,수원시 영통구,하동
1158,2019,45.27,6,1016,0,광교 효성해링턴 타워,41117,수원시 영통구,하동
1159,2019,45.27,7,1016,0,광교 효성해링턴 타워,41117,수원시 영통구,하동
1160,2019,45.27,8,1016,0,광교 효성해링턴 타워,41117,수원시 영통구,하동
1161,2019,45.27,10,1016,0,광교 효성해링턴 타워,41117,수원시 영통구,하동
1162,2019,45.27,14,1016,0,광교 효성해링턴 타워,41117,수원시 영통구,하동
1163,2019,45.27,19,1016,0,광교 효성해링턴 타워,41117,수원시 영통구,하동
1164,2019,45.27,23,1016,0,광교 효성해링턴 타워,41117,수원시 영통구,하동
1165,2019,46.59,2,1115,1,아주리센 테라스파크,41113,수원시 권선구,금곡동
1166,2019,46.59,4,1115,1,아주리센 테라스파크,41113,수원시 권선구,금곡동
1167,2019,47.63,7,1115,1,아주리센 테라스파크,41113,수원시 권선구,금곡동
1168,2019,48.25,4,1115,1,아주리센 테라스파크,41113,수원시 권선구,금곡동
1169,2019,48.25,5,1115,1,아주리센 테라스파크,41113,수원시 권선구,금곡동
1170,2019,48.25,6,1115,1,아주리센 테라스파크,41113,수원시 권선구,금곡동
1171,2019,48.25,7,1115,1,아주리센 테라스파크,41113,수원시 권선구,금곡동
1172,2019,48.25,9,1115,1,아주리센 테라스파크,41113,수원시 권선구,금곡동
1173,2019,51.87,4,954,1,다원캐슬,41115,수원시 팔달구,인계동
1174,2019,51.87,5,954,1,다원캐슬,41115,수원시 팔달구,인계동
1175,2019,51.87,7,954,1,다원캐슬,41115,수원시 팔달구,인계동
1176,2019,51.87,8,954,1,다원캐슬,41115,수원시 팔달구,인계동
1177,2019,51.87,9,954,1,다원캐슬,41115,수원시 팔달구,인계동
1178,2019,51.95,4,954,1,다원캐슬,41115,수원시 팔달구,인계동
1179,2019,51.95,8,954,1,다원캐슬,41115,수원시 팔달구,인계동
1180,2019,51.95,9,954,1,다원캐슬,41115,수원시 팔달구,인계동
1181,2019,57.4,4,954,1,다원캐슬,41115,수원시 팔달구,인계동
1182,2019,57.4,5,954,1,다원캐슬,41115,수원시 팔달구,인계동
1183,2019,57.4,6,954,1,다원캐슬,41115,수원시 팔달구,인계동
1184,2019,57.4,7,954,1,다원캐슬,41115,수원시 팔달구,인계동
1185,2019,57.4,8,954,1,다원캐슬,41115,수원시 팔달구,인계동
1186,2019,57.4,9,954,1,다원캐슬,41115,수원시 팔달구,인계동
1187,2019,79.64,2,74,35,(74-35),41115,수원시 팔달구,매교동
1188,2020,21.11,6,948,0,고색리치아노,41113,수원시 권선구,고색동
1189,2020,21.11,8,948,0,고색리치아노,41113,수원시 권선구,고색동
1190,2020,21.11,9,948,0,고색리치아노,41113,수원시 권선구,고색동
1191,2020,21.11,10,948,0,고색리치아노,41113,수원시 권선구,고색동
1192,2020,27.68,6,948,0,고색리치아노,41113,수원시 권선구,고색동
1193,2020,27.68,7,948,0,고색리치아노,41113,수원시 권선구,고색동
1194,2020,27.68,8,948,0,고색리치아노,41113,수원시 권선구,고색동
1195,2020,27.68,9,948,0,고색리치아노,41113,수원시 권선구,고색동
1196,2020,27.68,10,948,0,고색리치아노,41113,수원시 권선구,고색동
1197,2020,29.75,22,1015,0,광교 효성해링턴 타워 레이크,41117,수원시 영통구,하동
1198,2020,45.02,7,1015,0,광교 효성해링턴 타워 레이크,41117,수원시 영통구,하동
1199,2020,45.02,11,1015,0,광교 효성해링턴 타워 레이크,41117,수원시 영통구,하동
1200,2020,45.02,15,1015,0,광교 효성해링턴 타워 레이크,41117,수원시 영통구,하동
1201,2020,45.02,21,1015,0,광교 효성해링턴 타워 레이크,41117,수원시 영통구,하동
1202,2020,57.22,3,100,0,파인펠리체 오피스텔,41115,수원시 팔달구,교동
1203,2020,59.35,4,1336,0,힐스테이트 광교중앙역,41117,수원시 영통구,이의동
1204,2020,59.35,6,1336,0,힐스테이트 광교중앙역,41117,수원시 영통구,이의동
1205,2020,59.35,9,1336,0,힐스테이트 광교중앙역,41117,수원시 영통구,이의동
1206,2020,59.35,10,1336,0,힐스테이트 광교중앙역,41117,수원시 영통구,이의동
1207,2020,59.35,12,1336,0,힐스테이트 광교중앙역,41117,수원시 영통구,이의동
1208,2020,59.35,13,1336,0,힐스테이트 광교중앙역,41117,수원시 영통구,이의동
1209,2020,59.35,15,1336,0,힐스테이트 광교중앙역,41117,수원시 영통구,이의동
1210,2020,59.35,18,1336,0,힐스테이트 광교중앙역,41117,수원시 영통구,이의동
1211,2020,59.35,19,1336,0,힐스테이트 광교중앙역,41117,수원시 영통구,이의동
1212,2020,61.42,5,100,0,파인펠리체 오피스텔,41115,수원시 팔달구,교동
1213,2020,61.42,8,100,0,파인펠리체 오피스텔,41115,수원시 팔달구,교동
1214,2020,84.73,5,1120,9,(1120-9),41113,수원시 권선구,세류동
1215,2020,84.73,7,1120,9,(1120-9),41113,수원시 권선구,세류동
1216,2020,84.92,6,1120,9,(1120-9),41113,수원시 권선구,세류동
1217,2021,23.41,6,950,0,화서역 파크 푸르지오,41111,수원시 장안구,정자동
1218,2021,23.41,9,950,0,화서역 파크 푸르지오,41111,수원시 장안구,정자동
1219,2021,23.41,11,950,0,화서역 파크 푸르지오,41111,수원시 장안구,정자동
1220,2021,23.41,13,950,0,화서역 파크 푸르지오,41111,수원시 장안구,정자동
1221,2021,23.41,14,950,0,화서역 파크 푸르지오,41111,수원시 장안구,정자동
1222,2021,23.41,17,950,0,화서역 파크 푸르지오,41111,수원시 장안구,정자동
1223,2021,23.41,22,950,0,화서역 파크 푸르지오,41111,수원시 장안구,정자동
1224,2021,23.41,23,950,0,화서역 파크 푸르지오,41111,수원시 장안구,정자동
1225,2021,23.41,24,950,0,화서역 파크 푸르지오,41111,수원시 장안구,정자동
1226,2021,23.41,27,950,0,화서역 파크 푸르지오,41111,수원시 장안구,정자동
1227,2021,23.41,28,950,0,화서역 파크 푸르지오,41111,수원시 장안구,정자동
1228,2021,23.41,30,950,0,화서역 파크 푸르지오,41111,수원시 장안구,정자동
1229,2021,24.68,2,1011,15,DK-ECO 권선,41113,수원시 권선구,권선동
1230,2021,24.68,3,1011,15,DK-ECO 권선,41113,수원시 권선구,권선동
1231,2021,30.33,3,1118,4,호매실 THE LIV STYLE,41113,수원시 권선구,금곡동
1232,2021,30.33,4,1118,4,호매실 THE LIV STYLE,41113,수원시 권선구,금곡동
1233,2021,30.33,5,1118,4,호매실 THE LIV STYLE,41113,수원시 권선구,금곡동
1234,2021,30.33,6,1118,4,호매실 THE LIV STYLE,41113,수원시 권선구,금곡동
1235,2021,30.33,7,1118,4,호매실 THE LIV STYLE,41113,수원시 권선구,금곡동
1236,2021,30.33,9,1118,4,호매실 THE LIV STYLE,41113,수원시 권선구,금곡동
1237,2021,30.33,10,1118,4,호매실 THE LIV STYLE,41113,수원시 권선구,금곡동
1238,2021,35.19,2,1348,0,광교중앙역 SK VIEW,41117,수원시 영통구,이의동
1239,2021,35.19,3,1348,0,광교중앙역 SK VIEW,41117,수원시 영통구,이의동
1240,2021,35.19,4,1348,0,광교중앙역 SK VIEW,41117,수원시 영통구,이의동
1241,2021,35.19,5,1348,0,광교중앙역 SK VIEW,41117,수원시 영통구,이의동
1242,2021,35.19,6,1348,0,광교중앙역 SK VIEW,41117,수원시 영통구,이의동
1243,2021,35.19,7,1348,0,광교중앙역 SK VIEW,41117,수원시 영통구,이의동
1244,2021,35.19,8,1348,0,광교중앙역 SK VIEW,41117,수원시 영통구,이의동
1245,2021,35.19,9,1348,0,광교중앙역 SK VIEW,41117,수원시 영통구,이의동
1246,2021,35.19,10,1348,0,광교중앙역 SK VIEW,41117,수원시 영통구,이의동
1247,2021,35.26,2,1348,0,광교중앙역 SK VIEW,41117,수원시 영통구,이의동
1248,2021,35.26,10,1348,0,광교중앙역 SK VIEW,41117,수원시 영통구,이의동
1249,2021,37.05,3,1118,4,호매실 THE LIV STYLE,41113,수원시 권선구,금곡동
1250,2021,37.05,6,1118,4,호매실 THE LIV STYLE,41113,수원시 권선구,금곡동
1251,2021,37.05,7,1118,4,호매실 THE LIV STYLE,41113,수원시 권선구,금곡동
1252,2021,37.05,8,1118,4,호매실 THE LIV STYLE,41113,수원시 권선구,금곡동
1253,2021,37.05,9,1118,4,호매실 THE LIV STYLE,41113,수원시 권선구,금곡동
1254,2021,39.19,3,1348,0,광교중앙역 SK VIEW,41117,수원시 영통구,이의동
1255,2021,39.19,6,1348,0,광교중앙역 SK VIEW,41117,수원시 영통구,이의동
1256,2021,39.19,7,1348,0,광교중앙역 SK VIEW,41117,수원시 영통구,이의동
1257,2021,39.19,8,1348,0,광교중앙역 SK VIEW,41117,수원시 영통구,이의동
1258,2021,39.19,9,1348,0,광교중앙역 SK VIEW,41117,수원시 영통구,이의동
1259,2021,39.19,10,1348,0,광교중앙역 SK VIEW,41117,수원시 영통구,이의동
1260,2021,39.26,6,1348,0,광교중앙역 SK VIEW,41117,수원시 영통구,이의동
1261,2021,47.04,10,1348,0,광교중앙역 SK VIEW,41117,수원시 영통구,이의동
1262,2021,47.11,5,1348,0,광교중앙역 SK VIEW,41117,수원시 영통구,이의동
1263,2021,47.11,9,1348,0,광교중앙역 SK VIEW,41117,수원시 영통구,이의동
1264,2021,49.14,4,950,0,화서역 파크 푸르지오,41111,수원시 장안구,정자동
1265,2021,49.14,5,950,0,화서역 파크 푸르지오,41111,수원시 장안구,정자동
1266,2021,49.14,8,950,0,화서역 파크 푸르지오,41111,수원시 장안구,정자동
1267,2021,49.14,9,950,0,화서역 파크 푸르지오,41111,수원시 장안구,정자동
1268,2021,49.14,10,950,0,화서역 파크 푸르지오,41111,수원시 장안구,정자동
1269,2021,49.14,13,950,0,화서역 파크 푸르지오,41111,수원시 장안구,정자동
1270,2021,49.14,14,950,0,화서역 파크 푸르지오,41111,수원시 장안구,정자동
1271,2021,49.14,15,950,0,화서역 파크 푸르지오,41111,수원시 장안구,정자동
1272,2021,49.14,16,950,0,화서역 파크 푸르지오,41111,수원시 장안구,정자동
1273,2021,49.14,17,950,0,화서역 파크 푸르지오,41111,수원시 장안구,정자동
1274,2021,49.14,20,950,0,화서역 파크 푸르지오,41111,수원시 장안구,정자동
1275,2021,49.14,21,950,0,화서역 파크 푸르지오,41111,수원시 장안구,정자동
1276,2021,49.14,23,950,0,화서역 파크 푸르지오,41111,수원시 장안구,정자동
1277,2021,49.14,24,950,0,화서역 파크 푸르지오,41111,수원시 장안구,정자동
1278,2021,49.14,25,950,0,화서역 파크 푸르지오,41111,수원시 장안구,정자동
1279,2021,49.14,26,950,0,화서역 파크 푸르지오,41111,수원시 장안구,정자동
1280,2021,49.14,28,950,0,화서역 파크 푸르지오,41111,수원시 장안구,정자동
1281,2021,49.14,31,950,0,화서역 파크 푸르지오,41111,수원시 장안구,정자동
1282,2021,49.14,32,950,0,화서역 파크 푸르지오,41111,수원시 장안구,정자동
1283,2021,49.14,33,950,0,화서역 파크 푸르지오,41111,수원시 장안구,정자동
1284,2021,49.14,37,950,0,화서역 파크 푸르지오,41111,수원시 장안구,정자동
1285,2021,50.75,7,1348,0,광교중앙역 SK VIEW,41117,수원시 영통구,이의동
1286,2021,58.97,15,950,0,화서역 파크 푸르지오,41111,수원시 장안구,정자동
1287,2021,58.97,18,950,0,화서역 파크 푸르지오,41111,수원시 장안구,정자동
1288,2021,58.97,21,950,0,화서역 파크 푸르지오,41111,수원시 장안구,정자동
1289,2021,58.97,22,950,0,화서역 파크 푸르지오,41111,수원시 장안구,정자동
1290,2021,58.97,23,950,0,화서역 파크 푸르지오,41111,수원시 장안구,정자동
1291,2021,58.97,25,950,0,화서역 파크 푸르지오,41111,수원시 장안구,정자동
1292,2021,58.97,27,950,0,화서역 파크 푸르지오,41111,수원시 장안구,정자동
1293,2021,58.97,32,950,0,화서역 파크 푸르지오,41111,수원시 장안구,정자동
1294,2021,61.19,4,580,2,건우까사미2차,41111,수원시 장안구,파장동
1295,2021,61.24,4,580,2,건우까사미2차,41111,수원시 장안구,파장동
1296,2021,62.33,6,580,2,건우까사미2차,41111,수원시 장안구,파장동
1297,2021,62.33,12,580,2,건우까사미2차,41111,수원시 장안구,파장동
1298,2021,62.33,13,580,2,건우까사미2차,41111,수원시 장안구,파장동
1299,2021,74.81,2,102,29,창룡오피스텔,41117,수원시 영통구,매탄동
1300,2021,74.81,3,102,29,창룡오피스텔,41117,수원시 영통구,매탄동
1301,2021,74.81,4,102,29,창룡오피스텔,41117,수원시 영통구,매탄동
1302,2021,74.81,5,102,29,창룡오피스텔,41117,수원시 영통구,매탄동
1303,2021,77.09,2,77,10,스타빌,41115,수원시 팔달구,매산로3가
1304,2021,77.09,3,77,10,스타빌,41115,수원시 팔달구,매산로3가
1305,2022,23.23,4,433,0,가온팰리스,41113,수원시 권선구,서둔동
1306,2022,23.23,6,433,0,가온팰리스,41113,수원시 권선구,서둔동
1307,2022,27.1,7,1016,15,LH청년나래가,41113,수원시 권선구,권선동
1308,2022,28.08,10,1016,15,LH청년나래가,41113,수원시 권선구,권선동
1309,2022,29.36,2,1125,2,LH청년나래가,41113,수원시 권선구,금곡동
1310,2022,29.36,4,1125,2,LH청년나래가,41113,수원시 권선구,금곡동
1311,2022,29.36,5,1125,2,LH청년나래가,41113,수원시 권선구,금곡동
1312,2022,29.36,6,1125,2,LH청년나래가,41113,수원시 권선구,금곡동
1313,2022,29.36,7,1125,2,LH청년나래가,41113,수원시 권선구,금곡동
1314,2022,29.36,8,1125,2,LH청년나래가,41113,수원시 권선구,금곡동
1315,2022,29.73,2,1125,2,LH청년나래가,41113,수원시 권선구,금곡동
1316,2022,29.73,3,1125,2,LH청년나래가,41113,수원시 권선구,금곡동
1317,2022,29.73,4,1125,2,LH청년나래가,41113,수원시 권선구,금곡동
1318,2022,29.73,5,1125,2,LH청년나래가,41113,수원시 권선구,금곡동
1319,2022,29.73,6,1125,2,LH청년나래가,41113,수원시 권선구,금곡동
1320,2022,29.73,7,1125,2,LH청년나래가,41113,수원시 권선구,금곡동
1321,2022,29.73,8,1125,2,LH청년나래가,41113,수원시 권선구,금곡동
1322,2022,48.72,8,425,0,수원역 웰리지 더파크,41113,수원시 권선구,서둔동
1323,2022,65.09,6,395,12,(395-12),41111,수원시 장안구,송죽동
1324,2022,65.09,9,395,12,(395-12),41111,수원시 장안구,송죽동
1325,2022,76.19,5,395,12,(395-12),41111,수원시 장안구,송죽동
1326,2022,76.19,8,395,12,(395-12),41111,수원시 장안구,송죽동
1327,2022,84.72,2,216,31,제이빌,41111,수원시 장안구,연무동
1328,2022,84.72,3,216,31,제이빌,41111,수원시 장안구,연무동
1329,2022,84.72,4,216,31,제이빌,41111,수원시 장안구,연무동
1330,2022,84.72,5,216,31,제이빌,41111,수원시 장안구,연무동
1331,2022,84.72,6,216,31,제이빌,41111,수원시 장안구,연무동
1332,2023,53.18,5,1397,1,에이스에비뉴 더퍼스트,41113,수원시 권선구,호매실동
1333,2023,73.87,2,1175,0,라움,41113,수원시 권선구,고색동
